label,grid_index,reference_distance,reference_x,reference_y,minus_component,minus_responsibility,minus_x,minus_y,unperturbed_component,unperturbed_responsibility,unperturbed_x,unperturbed_y,plus_component,plus_responsibility,plus_x,plus_y,minus_plus_displacement
S0,0,0.0,-0.46309801936149597,1.6206510066986084,1,0.999959927973376,-0.605638762405477,1.9131600697601587,4,0.9999999999456037,0.03537960420999809,1.685526435968311,4,0.9999999995705255,0.16407160332006823,1.658062858871062,0.8108813933669639
S1,1,5e-09,-0.463098024361496,1.6206510066986084,1,0.9999595816420191,-0.6086607828215477,1.9151254912150562,1,0.9999708210899978,-0.49882618999423983,1.8496329036451593,4,0.9999999995987281,0.15948885430370202,1.6589262626982184,0.8097480532290742
S2,2,5e-09,-0.46309801936149597,1.6206510016986084,1,0.9999598210245632,-0.6065743919373399,1.913768028488512,4,0.9999999999622637,0.013161197154932346,1.6906835238413653,4,0.9999999995789157,0.16273685905864882,1.658312882359035,0.8106152802612628
S3,3,5e-09,-0.46309801936149597,1.6206510116986084,1,0.9999600377431521,-0.6046762485352518,1.912535171035755,4,0.999999999929915,0.050306978885937464,1.6821115101424147,4,0.9999999995621942,0.16537434138553708,1.6578200093147804,0.8110842894840815
S4,4,5e-09,-0.46309801436149595,1.6206510066986084,1,0.9999603057755078,-0.6023168080005892,1.9110057022341518,4,0.9999999998967781,0.07341611864628815,1.6769127766418708,4,0.9999999995429782,0.16829764017146348,1.6572794122971328,0.8113098408972502
S5,5,7.071067811865476e-09,-0.463098024361496,1.6206510016986084,1,0.9999594830364501,-0.609516947488523,1.915683188838619,1,0.9999689987379645,-0.5200984802246783,1.8611534300846553,4,0.9999999996073281,0.15803438998495825,1.659203131546171,0.8092694702298285
S6,6,7.071067811865476e-09,-0.463098024361496,1.6206510116986084,1,0.9999596825951876,-0.6077822658149508,1.914553626404783,4,0.9999999976009646,-0.07529777946912668,1.7119907089807824,4,0.9999999995901936,0.16090509638435666,1.658657966796001,0.810162236475845
S7,7,7.071067811865476e-09,-0.46309801436149595,1.6206510016986084,1,0.9999601887334443,-0.6033486646743638,1.9116741525700862,4,0.9999999999105029,0.0648428242021287,1.6788281974782604,4,0.9999999995511784,0.16706366526760996,1.6575068519685374,0.8112559243677046
S8,8,7.071067811865476e-09,-0.46309801436149595,1.6206510116986084,1,0.999960426273366,-0.6012519811780767,1.91031661349594,4,0.9999999998836102,0.08068859097043944,1.6753011806454616,4,0.9999999995348317,0.16950441565754484,1.657058067444772,0.8112985359354358
S9,9,1e-08,-0.46309802936149597,1.6206510066986084,1,0.9999592614810967,-0.6114336182977794,1.9169330064508616,1,0.9999667036346528,-0.5430145287051344,1.8742445590644796,4,0.999999999627657,0.15447983720801498,1.6598852804634567,0.8078966238078499
S10,10,1e-08,-0.46309801936149597,1.6206509966986085,1,0.9999597167405323,-0.6074846330148863,1.9143599605015498,4,0.9999999999297291,-0.032723496290950095,1.7015884879387355,4,0.9999999995873665,0.161368413555519,1.6585704608810052,0.8102859219662665
S11,11,1e-08,-0.46309801936149597,1.6206510166986083,1,0.9999601505044878,-0.6036852158312626,1.9118923363847995,4,0.9999999999152178,0.061609131833555576,1.679554843874347,4,0.9999999995539204,0.16664664151700792,1.6575839813101303,0.8112237113807881
S12,12,1e-08,-0.463098009361496,1.6206510066986084,1,0.9999607221690785,-0.5986266505752011,1.9086209172240842,4,0.9999999998545579,0.09433555228244264,1.6723124637598483,4,0.9999999995160276,0.17222068936340054,1.6565638606043014,0.8110107158861999
S13,13,1.1180339887498949e-08,-0.46309802936149597,1.6206510016986084,1,0.999959169891225,-0.6122230196543675,1.9174482445179082,1,0.999966064955726,-0.5491708740090137,1.877877463588219,4,0.9999999996364912,0.15288074737578378,1.6601946103461442,0.8071946522483333
S14,14,1.1180339887498949e-08,-0.46309802936149597,1.6206510116986084,1,0.9999593550560758,-0.6106253316067717,1.9164057354134203,1,0.9999674981660852,-0.5352540847540337,1.8697340510970137,4,0.9999999996188962,0.15603246660924727,1.6595863827858788,0.8085297517404437
S15,15,1.1180339887498949e-08,-0.463098024361496,1.6206509966986085,1,0.9999593866598265,-0.6103518950183964,1.9162274167288,1,0.9999678127329168,-0.5321420651850987,1.8679472758833002,4,0.9999999996159954,0.1565394798444165,1.6594890746436304,0.8087255140872068
S16,16,1.1180339887498949e-08,-0.463098024361496,1.6206510166986083,1,0.9999597860245238,-0.6068801660963042,1.9139668398434888,4,0.9999999999672182,0.0024449514407203503,1.6932006159836535,4,0.9999999995817221,0.16228516002369425,1.6583977834410797,0.8105127028589382
S17,17,1.1180339887498949e-08,-0.46309801436149595,1.6206509966986085,1,0.9999600749356701,-0.6043495798090395,1.9123231944255887,4,0.9999999999249252,0.05437781669780343,1.6811876476448866,4,0.9999999995594337,0.1658011694170312,1.6577406828548562,0.8111377390623248
S18,18,1.1180339887498949e-08,-0.46309801436149595,1.6206510166986083,1,0.9999605504602357,-0.6001519463015672,1.909605532558287,4,0.9999999998709017,0.0870102886791245,1.6739107311442276,4,0.9999999995267375,0.17068522172067127,1.656842541686741,0.8112207277670326
S19,19,1.1180339887498949e-08,-0.463098009361496,1.6206510016986084,1,0.9999605926594615,-0.5997775092625601,1.909363661605243,4,0.9999999998667604,0.08894497231670427,1.67348721508842,4,0.9999999995240543,0.17107272507871252,1.6567720271786444,0.8111797689577172
S20,20,1.1180339887498949e-08,-0.463098009361496,1.6206510116986084,1,0.9999608560141287,-0.5974343748601648,1.9078524397612884,4,0.9999999998426765,0.09919346519787772,1.6712606634097311,4,0.9999999995080502,0.17334524855314648,1.6563609389981557,0.8107707461577895
S21,21,1.4142135623730952e-08,-0.46309802936149597,1.6206509966986085,1,0.9999590801941516,-0.6129944180435419,1.9179519948544421,1,0.9999655296846747,-0.5542846820926768,1.880931096318651,4,0.9999999996454012,0.15123219678425032,1.6605150508139122,0.8064217872602859
S22,22,1.4142135623730952e-08,-0.46309802936149597,1.6206510166986083,1,0.9999594507154386,-0.6097972103589914,1.9158658458437463,1,0.9999685539245506,-0.5246869462763053,1.8637189891887578,4,0.9999999996102058,0.15754136844091016,1.6592972999398536,0.8090957380074935
S23,23,1.4142135623730952e-08,-0.463098009361496,1.6206509966986085,1,0.9999604671886411,-0.6008898011968866,1.9100823875788042,4,0.9999999998793325,0.0828856076400813,1.6748168005157904,4,0.9999999995321314,0.16990030513511947,1.6569856738079014,0.8112800592526206
S24,24,1.4142135623730952e-08,-0.463098009361496,1.6206510166986083,1,0.9999609945254907,-0.5961975006947973,1.9070563202085062,4,0.9999999998310787,0.10361688559188431,1.6703088852354862,4,0.999999999500121,0.1744473857079362,1.656163042484219,0.8104572646018532
