estimator,dimension,temperature,regime,step,M,replicates,variance,variance_bootstrap_lo,variance_bootstrap_hi,M_times_variance,bias,bias_rms_sampling_error,bias_squared_corrected,reference_rms_se,otr_mean_rms_se,reference_gradient_norm,dm_reference_samples_per_component,reference_to_otr_se_ratio,nfe_mean,elapsed_s,largest_draw_variance_fraction,variance_first_half,variance_second_half,parameter_count,variance_per_parameter
gumbel_softmax,20,0.8824693157914667,n20,250,1024,5000,3.950063289750151,3.927474987854397,3.972049778625361,4044.8648087041547,1.2346847504722744,0.2406220289750802,1.4665474722206981,0.23897478563675773,0.02810716381903429,2.8343238576450016,20000,8.502273198938806,,52.30038905143738,0.0009284642549029762,3.9612712151238902,3.939052918484112,1155,0.003419968216233897
score_function,20,,n20,50,1024,5000,4321.12679024697,4264.783423556863,4377.557236138657,4424833.833212897,1.4295801910526973,1.4687679517160022,-0.11357977333775393,1.137125295619892,0.9296372185155852,32.42948634128034,20000,1.223192523891865,,41.67947196960449,0.001801860585739819,4353.303521318912,4288.928258144495,1155,3.7412353162311427
ode_transport,20,,n20,50,1024,5000,358.3084421636389,348.3987695575926,369.3252971742677,366907.84477556625,1.1332585411922564,1.1682104375374132,-0.0804407051861531,1.137125295619892,0.26769700863612167,32.42948634128034,20000,4.247807255723119,124.6184,6301.625086069107,0.008118225693865397,355.52241302907686,361.1137184933506,1155,0.310223759449038
exact_marginalization,20,,n20,50,1024,5000,25.153136554653607,24.977676960237964,25.329329403251887,25756.811831965293,1.1024435044100618,1.139335141760122,-0.08270288483361954,1.137125295619892,0.07092691527855079,32.42948634128034,20000,16.0323523327367,,128.78793597221375,0.000848661953527665,25.26441567722668,25.04517017019976,1155,0.0217776074066265
score_function,20,,n20,1000,1024,5000,12.543416960328353,12.35030121904989,12.737389785647494,12844.458967376233,0.1678307318472825,0.17742437255040638,-0.0033122534225109544,0.17020788637087217,0.05008675865002317,0.855492835691765,20000,3.398261156410317,,48.62407922744751,0.002802823322341457,12.609507662521807,12.476801807587119,1155,0.010860101264353552
exact_marginalization,20,,n20,250,1024,5000,1.1453576028306363,1.1394328676955272,1.1509393525325122,1172.8461852985715,0.24105908963521364,0.23945358567100314,0.0007714650050575228,0.23897478563675773,0.015135108871961485,2.8343238576450016,20000,15.789432878112294,,99.9491958618164,0.0006095510004559554,1.1406776056872021,1.1499936611234989,1155,0.0009916516041823691
ode_transport,20,,n20,250,1024,5000,6.233741144372412,6.188227688623136,6.276551837074384,6383.35093183735,0.24465926338136793,0.24156923727786364,0.001502458759304777,0.23897478563675773,0.035309322124256116,2.8343238576450016,20000,6.768036633379361,92.0096,2883.728105068207,0.0011089199974303437,6.20917343474346,6.258317166593299,1155,0.005397178479976114
ode_transport,20,,n20,1000,1024,5000,14476.421068671563,254.66569846314806,43380.53534181454,14823855.17431968,1.6980156444730912,1.7100453030014007,-0.040997809441785105,0.17020788637087217,1.701553470724418,0.855492835691765,20000,0.10003087725383558,127.934,2785.49898481369,0.9496510566150829,83.67700595293536,28869.040896680686,1155,12.533697894953734
gumbel_softmax,20,0.9753038143277889,n20,50,1024,5000,63.890419306637625,63.33495424066558,64.4156578905763,65423.78936999693,15.18424633216644,1.1427300739019493,229.25550465411004,1.137125295619892,0.11304018693069967,32.42948634128034,20000,10.059478195281269,,53.346440076828,0.001003648166273598,63.92359439418335,63.86350647021432,1155,0.05531638035206721
score_function,20,,n20,250,1024,5000,69.22267921328073,67.4835712881383,70.87401927939557,70884.02351439947,0.2651859393787632,0.266370951893765,-0.0006299015685933829,0.23897478563675773,0.11766280568920727,2.8343238576450016,20000,2.031013830045682,,42.56269884109497,0.00340390021794453,69.66027783606336,68.78737149896943,1155,0.05993305559591405
exact_marginalization,20,,n20,1000,1024,5000,0.5597767883812246,0.5579217223106544,0.5615488587912575,573.211431302374,0.16505431810948704,0.17053644754279357,-0.0018397520139282406,0.17020788637087217,0.01058089588249714,0.855492835691765,20000,16.086339782667093,,158.6735291481018,0.0004148993289041724,0.5596089061784681,0.5599431005565374,1155,0.0004846552280356923
gumbel_softmax,20,0.606454822840095,n20,1000,1024,5000,2.229263757935376,2.221868671738075,2.2363738790950904,2282.766088125825,0.3110164122113516,0.1715126156713459,0.06731463133039459,0.17020788637087217,0.02111522558693312,0.855492835691765,20000,8.060907787610997,,57.33444404602051,0.0004000787994334198,2.2270480164883586,2.231482852241898,1155,0.00193009849171894
gumbel_softmax,10,0.8824693157914667,n10,250,1024,5000,1.907208090010037,1.8897983145127104,1.9283383026006318,1952.9810841702779,2.4871340082587734,0.15337232346384763,6.162312505432653,0.15212372591642995,0.01953053040759537,5.246217769513453,20000,7.789021738870413,,40.19767618179321,0.00098311919707378,1.911170516003397,1.9033098880475845,330,0.00577941845457587
score_function,10,,n10,50,1024,5000,2453.850712499572,2410.324845766389,2492.2409853460426,2512743.129599562,1.4670947482459606,1.0837935455055914,0.9777585510512985,0.8269451655216723,0.7005498858039407,46.00933188016902,20000,1.180422953852433,,16.063159704208374,0.002063287288379914,2449.442184730786,2458.1042310413236,330,7.4359112499987035
ode_transport,10,,n10,50,1024,5000,273.7917972010349,260.5968068756474,288.45622780967886,280362.80033385975,1.2012164446251565,0.8594164684365043,0.7043242806180288,0.8269451655216723,0.23400504148459492,46.00933188016902,20000,3.5338775621041996,121.5092,2962.1594688892365,0.025554597604895847,266.3088155799794,281.3061161099272,330,0.8296721127304089
exact_marginalization,10,,n10,50,1024,5000,14.67870250308034,14.465584409299236,14.879431436971938,15030.991363154268,1.1313266802679676,0.8287183160038651,0.593126010205858,0.8269451655216723,0.05418247410940246,46.00933188016902,20000,15.262226007840603,,48.95552730560303,0.0010089639686659132,14.74107346642025,14.618601593951233,330,0.04448091667600103
score_function,10,,n10,1000,1024,5000,2.941315348695655,2.822511772313925,3.0634969287959404,3011.9069170643506,0.10436119452576688,0.09717595147914376,0.0014480933769680515,0.09410049137033118,0.02425413510597999,0.5218928982629942,20000,3.879771055910799,,40.549054861068726,0.012732114158807083,3.004112855078407,2.8785359455446686,330,0.008913076814229258
exact_marginalization,10,,n10,250,1024,5000,0.44309239057982064,0.4396681257125788,0.44682795388285274,453.72660795373633,0.1640450524442719,0.15241471866198839,0.003680532766630846,0.15212372591642995,0.009413738795821993,5.246217769513453,20000,16.159756417285077,,119.01069521903992,0.0009865703666135117,0.44468846300581777,0.44149674673760286,330,0.0013427042138782444
ode_transport,10,,n10,250,1024,5000,8.7523661704751,6.557856485533133,12.305124167695395,8962.422958566502,0.1836285358195207,0.15777230815574741,0.008827337946428874,0.15212372591642995,0.04183865717365962,5.246217769513453,20000,3.6359610033613254,123.7244,3374.34170794487,0.17950472814905186,7.162078865215321,10.34294134278721,330,0.026522321728712422
ode_transport,10,,n10,1000,1024,5000,753.3378050808371,51.35053393310159,2075.282453123586,771417.9124027772,0.3525110800494028,0.39940263330667364,-0.035258401934708736,0.09410049137033118,0.38815919545486416,0.5218928982629942,20000,0.24242757217192692,138.6368,5418.41072678566,0.8853755085808289,1440.4538077070642,66.31594132199085,330,2.2828418335782943
gumbel_softmax,10,0.9753038143277889,n10,50,1024,5000,50.22418278478406,49.43620674507086,50.96814468019645,51429.56317161888,22.019957007376508,0.8329964845883941,484.18462346337316,0.8269451655216723,0.1002239320569534,46.00933188016902,20000,8.250975077008066,,18.843374967575073,0.0012950003497397807,50.087437247434266,50.366220702792205,330,0.15219449328722442
score_function,10,,n10,250,1024,5000,38.48431247860515,37.434603989390624,39.582440102743846,39407.93597809167,0.18086876422821366,0.1756089134480882,0.0018750193910230042,0.15212372591642995,0.08773176446259946,5.246217769513453,20000,1.7339640533649718,,33.59351682662964,0.008691903329737035,38.834457387020855,38.13202826840564,330,0.1166191287230459
exact_marginalization,10,,n10,1000,1024,5000,0.172088167069694,0.1711825475604329,0.1730972227337149,176.21828307936664,0.10306244543785452,0.09428319102338291,0.0017325475500790267,0.09410049137033118,0.005866654362917488,0.5218928982629942,20000,16.039890122917516,,129.7574441432953,0.000516419002770058,0.17285383834653698,0.17132172296149553,330,0.0005214792941505878
gumbel_softmax,10,0.606454822840095,n10,1000,1024,5000,0.7236033102941904,0.7185180581433285,0.7277616478963598,740.969789741251,0.20407963807928345,0.09486634354815521,0.03264887554037471,0.09410049137033118,0.012029990110504584,0.5218928982629942,20000,7.822158663967865,,39.91346096992493,0.0008779985150578908,0.726390280591831,0.7207715179201204,330,0.0021927373039217894
gumbel_softmax,5,0.8824693157914667,n5,250,1024,5000,0.25737524262254363,0.2552663147829185,0.2595391170045423,263.5522484454847,0.2659089237164824,0.06498440784569383,0.06648458244900259,0.06458713660266233,0.0071746113849119894,0.6448782728739781,20000,9.00217909202543,,14.414175033569336,0.0007033858973779708,0.255242830328689,0.2595420874394889,105,0.002451192786881368
score_function,5,,n5,50,1024,5000,11.362826653223358,11.137679886352316,11.664648307198666,11635.534492900719,0.12329771373010229,0.12801258888241035,-0.001184896701306757,0.11880512439172115,0.04767143096913152,3.444739339288937,20000,2.4921661040267606,,12.508877038955688,0.007181755880951269,11.489310934608554,11.2352550750375,105,0.10821739669736531
ode_transport,5,,n5,50,1024,5000,1.1904393097757395,1.1753978812400663,1.2045091452371728,1219.0098532103573,0.1178292109437937,0.11980294421961207,-0.0004690224920504502,0.11880512439172115,0.015430095980101612,3.444739339288937,20000,7.699571314717044,103.9436,1560.4699461460114,0.002275913037760426,1.1853537880241778,1.1954962112957364,105,0.011337517235959424
exact_marginalization,5,,n5,50,1024,5000,0.2887606276710924,0.2862897195033079,0.29176974370458103,295.6908827351986,0.11690989263503919,0.11904793029392217,-0.0005044867113301633,0.11880512439172115,0.007599481925382709,3.444739339288937,20000,15.6333188970297,,39.82436919212341,0.0008629899765141809,0.28618348698077334,0.2913479341121931,105,0.0027501012159151655
score_function,5,,n5,1000,1024,5000,0.7613513470361416,0.7453749327376076,0.7782343199983969,779.623779365009,0.07546217442132354,0.06718524406839381,0.0011806827478646111,0.06604231031030348,0.012339784009747834,0.33414688351196653,20000,5.35198268123115,,11.361525058746338,0.0024877597888998647,0.7533795081074562,0.769367407023806,105,0.007250965209868015
exact_marginalization,5,,n5,250,1024,5000,0.0790880808290613,0.07836251562695139,0.079807943060462,80.98619476895877,0.06299310442107484,0.06470947249589334,-0.0002191846260923393,0.06458713660266233,0.003977136679297338,0.6448782728739781,20000,16.239606986318933,,109.20769190788269,0.00074080461698051,0.0796664240034018,0.07850522397095404,105,0.0007532198174196314
ode_transport,5,,n5,250,1024,5000,1.4115315742672851,0.880720985485868,2.214579900064415,1445.4083320497,0.0704740271260986,0.06673683038161478,0.0005127839699856597,0.06458713660266233,0.01680197354043438,0.6448782728739781,20000,3.84402084952888,121.9004,1882.9249641895294,0.2007495305981046,1.353482226587496,1.4696009934895748,105,0.01344315785016462
ode_transport,5,,n5,1000,1024,5000,74.90899842648041,35.021318423152806,126.25919599932531,76706.81438871594,0.20540375619235798,0.13908050343746423,0.022847316621511144,0.06604231031030348,0.12240016211303023,0.33414688351196653,20000,0.5395606441216705,166.358,3347.6620910167694,0.18010969244888575,32.69721740291978,117.09913281953975,105,0.7134190326331468
gumbel_softmax,5,0.9753038143277889,n5,50,1024,5000,0.7337932875467539,0.7261400861892124,0.7421017488772668,751.404326447876,1.565140312306355,0.11942117165411537,2.435402780967193,0.11880512439172115,0.012114398767968255,3.444739339288937,20000,9.806935256733862,,15.390550136566162,0.002795533615264285,0.7380629017920183,0.7295055019008588,105,0.006988507500445275
score_function,5,,n5,250,1024,5000,1.3611355312583422,1.322724212820393,1.4028714185805466,1393.8027840085424,0.06535174500655296,0.06666127302101749,-0.00017287474538111441,0.06458713660266233,0.01649930623546543,0.6448782728739781,20000,3.9145365072278984,,11.345831155776978,0.005179987399095159,1.3624207188041269,1.35981518781951,105,0.012963195535793734
exact_marginalization,5,,n5,1000,1024,5000,0.08350811026376943,0.08238538691681509,0.08451219825335987,85.5123049100999,0.07278611321637049,0.06616863587210463,0.0009195299039711311,0.06604231031030348,0.0040867618052382116,0.33414688351196653,20000,16.160058613069566,,104.2428867816925,0.0010172930458416866,0.08378633202644674,0.08321290286925503,105,0.0007953153358454232
gumbel_softmax,5,0.606454822840095,n5,1000,1024,5000,0.2991881585453586,0.2960173099267321,0.3023200565319228,306.3686743504472,0.15057262821876263,0.06649379206235338,0.018250691985874225,0.06604231031030348,0.007735478764050206,0.33414688351196653,20000,8.537585367983674,,82.33399415016174,0.0008773877019109012,0.29962659884934095,0.29871801379853896,105,0.0028494110337653196
