target,target_Z,dim,chart,components,estimator,mc,lr,n_steps,seed,tag,step,elbo,elbo_std,elbo_se,elbo_n,kl,sigma_min,sigma_max,cond,logdet,alpha_max,sigma_min_i,sigma_max_i,cond_i,logdet_i,weights,weight_entropy,n_eff_components,weight_max,weight_min,wall_s
rosenbrock,1.9287498479639176e-22,2,cholesky,5,exact_marginalization,8192,0.02,1000,1,rosenbrock,50,-51.22103881778717,0.603815417069477,0.0042696197599481,20000,1.2210388177871678,0.1336132735013961,0.7604116201400757,5.691138314428992,-2.45909013748169,0.5947065353393555,"[0.19722937047481537, 0.1625133603811264, 0.13361327350139618, 0.19771161675453186, 0.1409122794866562]","[0.5427380204200745, 0.367660790681839, 0.7604116201400757, 0.4032677412033081, 0.6263003945350647]","[2.7518113509842483, 2.262341938038822, 5.691138314428992, 2.0396765138185264, 4.444611901934159]","[-2.2345166206359863, -2.817589521408081, -2.286701202392578, -2.5291004180908203, -2.4275429248809814]","[0.21209819614887238, 0.10733083635568619, 0.34952935576438904, 0.17360225319862366, 0.15743936598300934]",1.5308971405029297,4.622321834828056,0.349529355764389,0.1073308363556861,0.946162223815918
rosenbrock,1.9287498479639176e-22,2,cholesky,5,exact_marginalization,8192,0.02,1000,1,rosenbrock,100,-51.02502458496094,0.6010685293889906,0.0042501963308878,20000,1.0250245849609383,0.1099983975291252,1.0269266366958618,9.335832700871428,-2.4188042163848875,0.7629677057266235,"[0.1685289889574051, 0.1501893401145935, 0.10999839752912521, 0.21668030321598053, 0.1413479447364807]","[0.652972936630249, 0.3685150146484375, 1.0269266366958618, 0.40067389607429504, 0.6624353528022766]","[3.874543724909457, 2.453669577130194, 9.335832700871427, 1.849147754214259, 4.686558082165786]","[-2.206867218017578, -2.894132375717163, -2.1807188987731934, -2.443939685821533, -2.3683629035949707]","[0.17615686357021332, 0.09331367164850235, 0.4070003628730774, 0.16052092611789703, 0.1630082130432129]",1.4824004173278809,4.403503250068241,0.4070003628730774,0.0933136716485023,1.9127111434936523
rosenbrock,1.9287498479639176e-22,2,cholesky,5,exact_marginalization,8192,0.02,1000,1,rosenbrock,250,-50.890833442115785,0.6678654403248777,0.0047225218177386,20000,0.8908334421157846,0.0869773998856544,1.3477380275726318,15.495266923872714,-2.4378108978271484,0.9104371070861816,"[0.11413560807704926, 0.1331583857536316, 0.08697739988565445, 0.18658041954040527, 0.11225234717130661]","[0.9170282483100891, 0.4339856505393982, 1.3477380275726318, 0.5361407995223999, 0.6387939453125]","[8.034549986285025, 3.259168756689154, 15.495266923872714, 2.8735105261476535, 5.6906956639191355]","[-2.2569849491119385, -2.8509597778320312, -2.14367938041687, -2.3022513389587402, -2.635179042816162]","[0.16646181046962738, 0.11731621623039246, 0.35156336426734924, 0.2138022780418396, 0.15085630118846893]",1.532538652420044,4.62991566217854,0.3515633642673492,0.1173162162303924,4.421166181564331
rosenbrock,1.9287498479639176e-22,2,cholesky,5,exact_marginalization,8192,0.02,1000,1,rosenbrock,500,-50.65676440544129,0.4523715571472067,0.003198749956747,20000,0.6567644054412867,0.0724697709083557,1.5768166780471802,21.758267734021143,-2.3236406326293944,0.9786573052406312,"[0.09161693602800369, 0.1282372921705246, 0.07246977090835571, 0.27449315786361694, 0.14689402282238007]","[1.198970913887024, 0.7434223294258118, 1.5768166780471802, 0.3286648988723755, 0.5675666928291321]","[13.086782486597736, 5.797239764211801, 21.758267734021143, 1.1973518809371344, 3.863783440088757]","[-2.2086753845214844, -2.3503637313842773, -2.169177770614624, -2.405545473098755, -2.484440803527832]","[0.18708834052085876, 0.22037886083126068, 0.27006977796554565, 0.18838444352149963, 0.13407857716083527]",1.5843093395233154,4.875922608275506,0.2700697779655456,0.1340785771608352,8.300061225891113
rosenbrock,1.9287498479639176e-22,2,cholesky,5,exact_marginalization,8192,0.02,1000,1,rosenbrock,1000,-50.59086505203247,0.5113526008855244,0.0036158089166353,20000,0.5908650520324699,0.0655988156795501,1.748741626739502,26.65812802600118,-2.2794142246246336,0.993606686592102,"[0.08128050714731216, 0.11163227260112762, 0.06559881567955017, 0.24566201865673065, 0.15191145241260529]","[1.3851253986358643, 0.8746239542961121, 1.748741626739502, 0.380514919757843, 0.6270561814308167]","[17.041298673561098, 7.834866512314265, 26.65812802600118, 1.5489367132879646, 4.127774249222996]","[-2.184058427810669, -2.3265063762664795, -2.1653010845184326, -2.370028495788574, -2.3511767387390137]","[0.17385292053222656, 0.21356482803821564, 0.24314455687999725, 0.19311051070690155, 0.17632713913917542]",1.6012680530548096,4.959317116110577,0.2431445568799972,0.1738529205322265,16.057591199874878
rosenbrock,1.9287498479639176e-22,2,cholesky,5,exact_marginalization,8192,0.02,1000,2,rosenbrock,50,-51.24145501270294,0.5965836319626884,0.0042184833170571,20000,1.241455012702943,0.1443507820367813,0.7482649683952332,5.052624652095837,-2.6101646900177,0.6795527338981628,"[0.1480943113565445, 0.1443507820367813, 0.19569605588912964, 0.22844932973384857, 0.14442677795886993]","[0.7482649683952332, 0.38282737135887146, 0.25254249572753906, 0.3355218172073364, 0.6412220597267151]","[5.052624652095837, 2.652063022847532, 1.2904833190435652, 1.46869249998777, 4.439772657043719]","[-2.199903964996338, -2.8956799507141113, -3.007368326187134, -2.568509101867676, -2.379362106323242]","[0.3004479706287384, 0.10290820896625519, 0.11894595623016357, 0.20719577372074127, 0.27050212025642395]",1.5283538103103638,4.610580681289924,0.3004479706287384,0.1029082089662551,0.8246238231658936
rosenbrock,1.9287498479639176e-22,2,cholesky,5,exact_marginalization,8192,0.02,1000,2,rosenbrock,100,-51.00519643611908,0.5615821228364624,0.0039709852725079,20000,1.0051964361190784,0.1221417263150215,0.9085286855697632,7.438315414230628,-2.5575589656829836,0.9390080571174622,"[0.12214172631502151, 0.16669684648513794, 0.18186244368553162, 0.24413436651229858, 0.1343359500169754]","[0.9085286855697632, 0.34741339087486267, 0.2442944347858429, 0.36029052734375, 0.8283693194389343]","[7.438315414230628, 2.0841029581554604, 1.343292379861924, 1.475787831475172, 6.166400872843473]","[-2.1985020637512207, -2.848818302154541, -3.1138858795166016, -2.4308810234069824, -2.1957075595855713]","[0.37283089756965637, 0.08922005444765091, 0.08487681299448013, 0.15501420199871063, 0.29805806279182434]",1.442586064338684,4.231624933541683,0.3728308975696563,0.0848768129944801,1.609508037567139
rosenbrock,1.9287498479639176e-22,2,cholesky,5,exact_marginalization,8192,0.02,1000,2,rosenbrock,250,-50.818855860519406,0.5537133160765627,0.0039153444063102,20000,0.8188558605194061,0.0929881706833839,1.2328212261199951,13.25782857173991,-2.4810673236846923,0.9731333255767822,"[0.09298817068338394, 0.17431119084358215, 0.1325245052576065, 0.17110861837863922, 0.10681432485580444]","[1.2328212261199951, 0.392715185880661, 0.383470356464386, 0.5347722172737122, 1.0509977340698242]","[13.25782857173991, 2.252954523344765, 2.893580743568752, 3.1253377085328147, 9.839483004631017]","[-2.165977716445923, -2.6815836429595947, -2.979480743408203, -2.391371011734009, -2.1869235038757324]","[0.330804705619812, 0.1327315717935562, 0.09590848535299301, 0.1776684820652008, 0.26288676261901855]",1.517037868499756,4.558701701936205,0.330804705619812,0.095908485352993,4.075732946395874
rosenbrock,1.9287498479639176e-22,2,cholesky,5,exact_marginalization,8192,0.02,1000,2,rosenbrock,500,-50.716106609916686,0.5848696202828936,0.0041356527461203,20000,0.716106609916686,0.077674314379692,1.4990317821502686,19.29893806107659,-2.392886257171631,0.9942395687103271,"[0.07767431437969208, 0.20835208892822266, 0.12162714451551437, 0.14148423075675964, 0.09336914867162704]","[1.4990317821502686, 0.4764772355556488, 0.4172702133655548, 0.6783137917518616, 1.2111424207687378]","[19.298938061076594, 2.2868848496152845, 3.4307326298557403, 4.7942713341532865, 12.97154828977014]","[-2.1504111289978027, -2.309861183166504, -2.98081636428833, -2.343712329864502, -2.1796302795410156]","[0.29063835740089417, 0.2254350632429123, 0.07686420530080795, 0.1919357031583786, 0.21512669324874878]",1.5395385026931765,4.662438071795892,0.2906383574008941,0.0768642053008079,8.295416116714478
rosenbrock,1.9287498479639176e-22,2,cholesky,5,exact_marginalization,8192,0.02,1000,2,rosenbrock,1000,-50.62814613113403,0.4647738710139135,0.0032864475591226,20000,0.6281461311340308,0.0693819224834442,1.6330530643463137,23.537155009447737,-2.3234857082366944,0.9910455346107484,"[0.06938192248344421, 0.1828140914440155, 0.20776280760765076, 0.11424469202756882, 0.08715426176786423]","[1.6330530643463135, 0.5364627242088318, 0.3700222074985504, 0.8090254068374634, 1.3089905977249146]","[23.537155009447737, 2.9344714073811793, 1.7809838621228016, 7.081514182227691, 15.019237971533933]","[-2.177677631378174, -2.3220436573028564, -2.5655503273010254, -2.3813376426696777, -2.1708192825317383]","[0.25201407074928284, 0.20164382457733154, 0.15162257850170135, 0.2037750631570816, 0.19094452261924744]",1.5965546369552612,4.935996793339375,0.2520140707492828,0.1516225785017013,16.892464876174927
rosenbrock,1.9287498479639176e-22,2,cholesky,5,exact_marginalization,8192,0.02,1000,3,rosenbrock,50,-51.18235528373718,0.5734601377096077,0.0040549755211463,20000,1.182355283737181,0.1120511591434478,0.7304471731185913,6.518872082201961,-2.367298984527588,0.7513086199760437,"[0.11205115914344788, 0.16395504772663116, 0.26373210549354553, 0.1500256210565567, 0.2420809119939804]","[0.7304471731185913, 0.6844887733459473, 0.3411809504032135, 0.6829362511634827, 0.35295990109443665]","[6.518872082201961, 4.174856357501252, 1.2936648337324386, 4.552130805084481, 1.4580245017550717]","[-2.5028979778289795, -2.187246084213257, -2.4081637859344482, -2.2783029079437256, -2.4598841667175293]","[0.21306461095809937, 0.38514232635498047, 0.1254013180732727, 0.19008854031562805, 0.08630316704511642]",1.4843058586120603,4.411901865949581,0.3851423263549804,0.0863031670451164,0.7976758480072021
rosenbrock,1.9287498479639176e-22,2,cholesky,5,exact_marginalization,8192,0.02,1000,3,rosenbrock,100,-50.97179466781616,0.5524159378827118,0.0039061705571239,20000,0.9717946678161624,0.1091525927186012,0.9842017889022828,9.016751360543358,-2.336911106109619,0.808620810508728,"[0.10915259271860123, 0.12722618877887726, 0.24895571172237396, 0.1321098804473877, 0.25559282302856445]","[0.9842017889022827, 0.8681061863899231, 0.34630531072616577, 0.7236271500587463, 0.3369879424571991]","[9.016751360543358, 6.823329337474036, 1.3910317956968685, 5.477464271470054, 1.3184562010160126]","[-2.2309327125549316, -2.203230142593384, -2.4509148597717285, -2.347600221633911, -2.4518775939941406]","[0.3040953576564789, 0.30106064677238464, 0.1643614023923874, 0.1229153499007225, 0.1075671836733818]",1.5176894664764404,4.5616731107183375,0.3040953576564789,0.1075671836733818,1.5721991062164309
rosenbrock,1.9287498479639176e-22,2,cholesky,5,exact_marginalization,8192,0.02,1000,3,rosenbrock,250,-50.71691376342773,0.4793648206022957,0.0033896211531015,20000,0.7169137634277334,0.0823978036642074,1.3619402647018433,16.52884183966972,-2.3728243827819826,0.9595762491226196,"[0.08239780366420746, 0.09332004934549332, 0.16329531371593475, 0.12871509790420532, 0.24390994012355804]","[1.3619402647018433, 1.195652723312378, 0.5354074835777283, 0.637319803237915, 0.321328341960907]","[16.52884183966972, 12.812388459909439, 3.27876821075902, 4.951398970400758, 1.3174056858778733]","[-2.187286138534546, -2.193027973175049, -2.436922073364258, -2.5006377696990967, -2.546247959136963]","[0.2737664580345154, 0.2040608674287796, 0.17345982789993286, 0.18674921989440918, 0.1619635671377182]",1.5910478830337524,4.90889017687351,0.2737664580345154,0.1619635671377182,3.865491151809693
rosenbrock,1.9287498479639176e-22,2,cholesky,5,exact_marginalization,8192,0.02,1000,3,rosenbrock,500,-50.60896766967773,0.5007836923286649,0.0035410754475323,20000,0.6089676696777317,0.0693135783076286,1.6138901710510254,23.283896322423757,-2.2849743366241455,0.9903836846351624,"[0.06931357830762863, 0.07795774936676025, 0.1439209133386612, 0.11680811643600464, 0.2644897401332855]","[1.6138901710510254, 1.4416701793670654, 0.6747483015060425, 0.8173797130584717, 0.35420310497283936]","[23.283896322423757, 18.492968192098257, 4.688326983572485, 6.997627716275071, 1.339194120703299]","[-2.19046688079834, -2.185786008834839, -2.331906795501709, -2.34887433052063, -2.36783766746521]","[0.24510973691940308, 0.1725599765777588, 0.1788937896490097, 0.20681673288345337, 0.19661974906921387]",1.601421594619751,4.960078635882598,0.245109736919403,0.1725599765777588,7.820459842681885
rosenbrock,1.9287498479639176e-22,2,cholesky,5,exact_marginalization,8192,0.02,1000,3,rosenbrock,1000,-50.5664379655838,0.5255554305200586,0.0037162380881014,20000,0.5664379655838019,0.0643747746944427,1.7706198692321775,27.504870931766217,-2.2514092922210693,0.9980441331863404,"[0.06437477469444275, 0.072534941136837, 0.13690350949764252, 0.10841672122478485, 0.26208576560020447]","[1.7706198692321777, 1.5677050352096558, 0.7358712553977966, 0.9157828092575073, 0.3801240921020508]","[27.504870931766217, 21.613101363826623, 5.375108776232419, 8.446877925396555, 1.4503805318519527]","[-2.171703815460205, -2.1740739345550537, -2.2951788902282715, -2.309748888015747, -2.3063409328460693]","[0.23313026130199432, 0.16102786362171173, 0.18459756672382355, 0.21427790820598602, 0.20696638524532318]",1.6015360355377195,4.960646304316515,0.2331302613019943,0.1610278636217117,15.667497158050535
rosenbrock,1.9287498479639176e-22,2,cholesky,5,exact_marginalization,8192,0.02,1000,4,rosenbrock,50,-51.12813984088898,0.6008807310495815,0.0042488683960948,20000,1.1281398408889771,0.1360984295606613,0.840091347694397,6.172674809006186,-2.3647576332092286,0.7060228586196899,"[0.13609842956066132, 0.2069007158279419, 0.19743013381958008, 0.15767282247543335, 0.21945925056934357]","[0.840091347694397, 0.40535956621170044, 0.4039769470691681, 0.704281210899353, 0.39317429065704346]","[6.172674809006186, 1.9591984715451465, 2.046176737327946, 4.4667254625259565, 1.79155943363987]","[-2.16862154006958, -2.47849702835083, -2.5287680625915527, -2.197810649871826, -2.4500908851623535]","[0.37559664249420166, 0.20054271817207336, 0.10797104984521866, 0.18494214117527008, 0.13094744086265564]",1.5086884498596191,4.520797651563105,0.3755966424942016,0.1079710498452186,0.7976908683776855
rosenbrock,1.9287498479639176e-22,2,cholesky,5,exact_marginalization,8192,0.02,1000,4,rosenbrock,100,-50.92462461261749,0.5387539674612679,0.0038095658378301,20000,0.9246246126174924,0.1112483441829681,0.9939191341400146,8.934237551485115,-2.384123659133911,0.9089558124542236,"[0.11124834418296814, 0.17710429430007935, 0.213938370347023, 0.12048453092575073, 0.22401535511016846]","[0.9939191341400146, 0.4239157736301422, 0.3797164261341095, 0.9117000699043274, 0.4008472263813019]","[8.934237551485115, 2.3935939854280104, 1.774886971038355, 7.5669470835734725, 1.789373885482847]","[-2.202089786529541, -2.5892369747161865, -2.5103979110717773, -2.2086780071258545, -2.4102156162261963]","[0.3488549590110779, 0.19207970798015594, 0.08728073537349701, 0.2760589122772217, 0.09572574496269226]",1.4770506620407104,4.38000848692554,0.3488549590110779,0.087280735373497,1.5635690689086914
rosenbrock,1.9287498479639176e-22,2,cholesky,5,exact_marginalization,8192,0.02,1000,4,rosenbrock,250,-50.76180028247833,0.5176554781524004,0.0036603769891992,20000,0.7618002824783332,0.0883597955107688,1.2784990072250366,14.469239090409834,-2.36834921836853,0.9783305525779724,"[0.08835979551076889, 0.17018206417560577, 0.1748356968164444, 0.09292558580636978, 0.18084804713726044]","[1.2784990072250366, 0.5572547316551208, 0.360061377286911, 1.2040036916732788, 0.5274590253829956]","[14.469239090409834, 3.274462172935606, 2.059427129832247, 12.956643546827635, 2.9165867905815075]","[-2.1806514263153076, -2.355619192123413, -2.7653894424438477, -2.1903038024902344, -2.3497822284698486]","[0.2974110245704651, 0.23979602754116058, 0.10755597054958344, 0.22204846143722534, 0.1331884115934372]",1.5455539226531982,4.690569120042468,0.2974110245704651,0.1075559705495834,3.881525039672851
rosenbrock,1.9287498479639176e-22,2,cholesky,5,exact_marginalization,8192,0.02,1000,4,rosenbrock,500,-50.63413340816498,0.5097700865140136,0.0036046188502011,20000,0.6341334081649777,0.0748367011547088,1.5116074085235596,20.198744535767748,-2.295953130722046,0.989604949951172,"[0.07483670115470886, 0.12984982132911682, 0.28965216875076294, 0.07774735987186432, 0.13576173782348633]","[1.5116074085235596, 0.7293075323104858, 0.31615644693374634, 1.4487473964691162, 0.6890659928321838]","[20.198744535767748, 5.616546290518075, 1.0915038140307851, 18.63403977777254, 5.075553715495956]","[-2.1792731285095215, -2.357036590576172, -2.390592575073242, -2.183591365814209, -2.369271993637085]","[0.2537930905818939, 0.2075478881597519, 0.19121788442134857, 0.17464613914489746, 0.17279495298862457]",1.598820686340332,4.9471946885376505,0.2537930905818939,0.1727949529886245,7.740010023117065
rosenbrock,1.9287498479639176e-22,2,cholesky,5,exact_marginalization,8192,0.02,1000,4,rosenbrock,1000,-50.58566548843384,0.5319878671066569,0.0037617222834008,20000,0.5856654884338397,0.067911297082901,1.6707158088684082,24.601441595629133,-2.2600405693054197,0.9967496395111084,"[0.067911297082901, 0.11678561568260193, 0.2840976417064667, 0.07083889096975327, 0.13006387650966644]","[1.6707158088684082, 0.8403611779212952, 0.34475135803222656, 1.606215476989746, 0.7664403915405273]","[24.601441595629133, 7.195759280879379, 1.213496021865708, 22.67420416950862, 5.892799846570504]","[-2.176300525665283, -2.3213388919830322, -2.323369026184082, -2.173466444015503, -2.305727958679199]","[0.23966270685195923, 0.21355517208576202, 0.2038431167602539, 0.16051287949085236, 0.1824260652065277]",1.6002767086029053,4.954403160715934,0.2396627068519592,0.1605128794908523,15.644521951675417
rosenbrock,1.9287498479639176e-22,2,cholesky,5,exact_marginalization,8192,0.02,1000,5,rosenbrock,50,-51.17020296421051,0.5915475928752898,0.0041828731431669,20000,1.1702029642105105,0.1230527684092521,0.7305729985237122,5.800536853569202,-2.493345308303833,0.7398040294647217,"[0.17662115395069122, 0.20701898634433746, 0.14282454550266266, 0.12305276840925217, 0.16736139357089996]","[0.6176820397377014, 0.3233705461025238, 0.7305729985237122, 0.7137721180915833, 0.34393665194511414]","[3.4972143818635946, 1.5620332792310037, 5.115178178600206, 5.800536853569202, 2.0550537050793074]","[-2.215529680252075, -2.7039012908935547, -2.2600646018981934, -2.432333469390869, -2.8548974990844727]","[0.20234666764736176, 0.10478872805833817, 0.3718767464160919, 0.21912091970443726, 0.1018669381737709]",1.4928725957870483,4.4498598254673905,0.3718767464160919,0.1018669381737709,0.7574470043182373
rosenbrock,1.9287498479639176e-22,2,cholesky,5,exact_marginalization,8192,0.02,1000,5,rosenbrock,100,-50.897785297203065,0.5318800829197359,0.003760960134106,20000,0.8977852972030647,0.1057946383953094,1.0194213390350342,9.563006513743144,-2.4610597610473635,0.9077061414718628,"[0.16769707202911377, 0.19472970068454742, 0.10977483540773392, 0.10579463839530945, 0.15218976140022278]","[0.5346298813819885, 0.4080149531364441, 1.0194213390350342, 1.0117148160934448, 0.3486790060997009]","[3.1880692662849346, 2.0952887602770383, 9.286475677678068, 9.563006513743144, 2.2910805752744317]","[-2.411776542663574, -2.5325942039489746, -2.1900887489318848, -2.2346086502075195, -2.9362306594848633]","[0.15778635442256927, 0.149107426404953, 0.3662847578525543, 0.22580021619796753, 0.10102120041847229]",1.510593056678772,4.529416198464548,0.3662847578525543,0.1010212004184722,1.570167064666748
rosenbrock,1.9287498479639176e-22,2,cholesky,5,exact_marginalization,8192,0.02,1000,5,rosenbrock,250,-50.726225246047974,0.5857100823421962,0.0041415957103349,20000,0.7262252460479743,0.0835030078887939,1.3802478313446045,16.52931871846778,-2.3864126205444336,0.996121108531952,"[0.18202921748161316, 0.15726444125175476, 0.08350300788879395, 0.08609802275896072, 0.13289505243301392]","[0.5557422041893005, 0.5985000729560852, 1.3802478313446045, 1.320775032043457, 0.396526038646698]","[3.0530384730431326, 3.8056922988584816, 16.52931871846778, 15.340364269933206, 2.983753205158393]","[-2.291038990020752, -2.3631551265716553, -2.160609722137451, -2.1740500926971436, -2.943209171295166]","[0.22707924246788025, 0.18005311489105225, 0.2958683967590332, 0.20678338408470154, 0.09021583199501038]",1.548583745956421,4.7048022667393665,0.2958683967590332,0.0902158319950103,3.9455409049987793
rosenbrock,1.9287498479639176e-22,2,cholesky,5,exact_marginalization,8192,0.02,1000,5,rosenbrock,500,-50.6785104549408,0.6593747822867942,0.0046624837989839,20000,0.678510454940799,0.0719152987003326,1.6282610893249512,22.641372819847852,-2.335947465896606,0.9999401569366456,"[0.18686822056770325, 0.1391800045967102, 0.07191529870033264, 0.07824429124593735, 0.13295529782772064]","[0.5779481530189514, 0.724969744682312, 1.6282610893249512, 1.484836220741272, 0.42938941717147827]","[3.092811347286084, 5.208864209934421, 22.641372819847852, 18.97692722494139, 3.229577340557484]","[-2.2256226539611816, -2.293612480163574, -2.1447536945343018, -2.1526150703430176, -2.863133430480957]","[0.24304009974002838, 0.19310477375984192, 0.28095099329948425, 0.1951974481344223, 0.08770659565925598]",1.5504000186920166,4.713355235733767,0.2809509932994842,0.0877065956592559,7.937008857727051
rosenbrock,1.9287498479639176e-22,2,cholesky,5,exact_marginalization,8192,0.02,1000,5,rosenbrock,1000,-50.566425797843934,0.5267816582968218,0.0037249088278637,20000,0.5664257978439338,0.0647518336772918,1.776231050491333,27.43136293782284,-2.2521693229675295,0.998688280582428,"[0.13325487077236176, 0.11339278519153595, 0.06475183367729187, 0.07132165879011154, 0.2739810347557068]","[0.7529990673065186, 0.882257878780365, 1.776231050491333, 1.5925348997116089, 0.3581257164478302]","[5.650818337386413, 7.78054686010323, 27.43136293782284, 22.328909993501263, 1.3071186360294988]","[-2.299182891845703, -2.302168369293213, -2.1626996994018555, -2.1752281188964844, -2.3215675354003906]","[0.18238703906536102, 0.21764104068279266, 0.2380671352148056, 0.15961162745952606, 0.20229308307170868]",1.6000726222991943,4.953392138059217,0.2380671352148056,0.159611627459526,16.141989946365356
rosenbrock,1.9287498479639176e-22,2,cholesky,5,gumbel_softmax,8192,0.02,1000,1,rosenbrock,50,-51.31301029071808,0.7555270002673466,0.0053423826525857,20000,1.3130102907180756,0.1345973461866378,0.7704545259475708,5.572749059205772,-2.448713493347168,0.5866197943687439,"[0.21939584612846375, 0.1734151542186737, 0.13825394213199615, 0.18322554230690002, 0.13459734618663788]","[0.5159066319465637, 0.35344773530960083, 0.7704545259475708, 0.4345536231994629, 0.6081128716468811]","[2.3514876924537704, 2.038159449801653, 5.572749059205772, 2.371686926005066, 4.518015316614402]","[-2.1787071228027344, -2.792086601257324, -2.2394378185272217, -2.530473470687866, -2.5028624534606934]","[0.3432188928127289, 0.10018477588891983, 0.25053268671035767, 0.1723804920911789, 0.1336832046508789]",1.5163737535476685,4.555675205055994,0.3432188928127289,0.1001847758889198,0.365427017211914
rosenbrock,1.9287498479639176e-22,2,cholesky,5,gumbel_softmax,8192,0.02,1000,1,rosenbrock,100,-51.12356251697541,0.6484909918526186,0.0045855237787737,20000,1.1235625169754044,0.1258289963006973,0.8597831726074219,6.832949462242965,-2.4433173179626464,0.6842451691627502,"[0.18101783096790314, 0.16172213852405548, 0.12582899630069733, 0.20166334509849548, 0.13172608613967896]","[0.6187226176261902, 0.33501946926116943, 0.8597831726074219, 0.3993017375469208, 0.7105217576026917]","[3.4180202818577463, 2.0715745680752096, 6.832949462242965, 1.980041228374426, 5.393933566425655]","[-2.189257860183716, -2.9154422283172607, -2.2239065170288086, -2.519193649291992, -2.368786334991455]","[0.29932111501693726, 0.07563961297273636, 0.3303039073944092, 0.131220281124115, 0.1635150909423828]",1.4848222732543943,4.414180825066979,0.3303039073944092,0.0756396129727363,0.7117021083831787
rosenbrock,1.9287498479639176e-22,2,cholesky,5,gumbel_softmax,8192,0.02,1000,1,rosenbrock,250,-51.013199389648435,0.8933091638980062,0.0063166496748836,20000,1.0131993896484346,0.1044787317514419,1.1672344207763672,11.17198114113074,-2.48673620223999,0.9721959233283995,"[0.16448909044265747, 0.13151206076145172, 0.10447873175144196, 0.18393725156784058, 0.11631624400615692]","[0.6435306072235107, 0.31309595704078674, 1.1672344207763672, 0.3938199579715729, 0.8891559839248657]","[3.9122996272379043, 2.3807394943700873, 11.171981141130741, 2.141056010214018, 7.644297591639912]","[-2.245696783065796, -3.1899023056030273, -2.1041345596313477, -2.6250221729278564, -2.268925189971924]","[0.1607680469751358, 0.04424145817756653, 0.52425217628479, 0.06097764894366264, 0.20976074039936066]",1.268523931503296,3.5556003773128717,0.52425217628479,0.0442414581775665,1.7522671222686768
rosenbrock,1.9287498479639176e-22,2,cholesky,5,gumbel_softmax,8192,0.02,1000,1,rosenbrock,500,-51.105814238929746,0.985728932672164,0.0069701561270426,20000,1.1058142389297458,0.091420017182827,1.323238492012024,14.474275249431814,-2.6087201595306397,0.9999996423721312,"[0.20629361271858215, 0.09881893545389175, 0.091420017182827, 0.1364210993051529, 0.11559531092643738]","[0.34668388962745667, 0.37782883644104004, 1.323238492012024, 0.41647329926490784, 1.0199834108352661]","[1.6805362272674411, 3.8234457263237007, 14.474275249431814, 3.0528510720568343, 8.823743823695096]","[-2.6377968788146973, -3.2877800464630127, -2.112208604812622, -2.8679418563842773, -2.137873411178589]","[0.0583902932703495, 0.018026797100901604, 0.6792252063751221, 0.020339827984571457, 0.22401787340641022]",0.9153479933738708,2.4976442643451113,0.6792252063751221,0.0180267971009016,3.471835136413574
rosenbrock,1.9287498479639176e-22,2,cholesky,5,gumbel_softmax,8192,0.02,1000,1,rosenbrock,1000,-51.11683663482666,1.0396365684999485,0.0073513406755582,20000,1.1168366348266616,0.082000121474266,1.3422300815582275,14.62959150428174,-2.6594738006591796,1.0,"[0.2257664054632187, 0.08200012147426605, 0.09174761176109314, 0.1235748752951622, 0.11361370235681534]","[0.3276364803314209, 0.36759504675865173, 1.3422300815582275, 0.40625956654548645, 1.0720226764678955]","[1.4512189254162469, 4.482859783006704, 14.62959150428174, 3.2875579730517517, 9.435681209482107]","[-2.604104995727539, -3.501807689666748, -2.094381332397461, -2.991671085357666, -2.1054039001464844]","[0.05314325541257858, 0.010045792907476425, 0.6677262783050537, 0.013279913924634457, 0.25580477714538574]",0.877997100353241,2.406075748811,0.6677262783050537,0.0100457929074764,6.824505090713501
rosenbrock,1.9287498479639176e-22,2,cholesky,5,gumbel_softmax,8192,0.02,1000,2,rosenbrock,50,-51.34672781200409,0.7406285643184735,0.0052370348017004,20000,1.3467278120040902,0.1398436427116394,0.8360849022865295,5.880976400820358,-2.533791446685791,0.5785635113716125,"[0.14216770231723785, 0.1398436427116394, 0.16313223540782928, 0.15346340835094452, 0.207199826836586]","[0.8360849022865295, 0.46673381328582764, 0.3393489718437195, 0.5090512633323669, 0.45272696018218994]","[5.880976400820358, 3.337540443280949, 2.080207942932614, 3.3170856088915603, 2.184977502607885]","[-2.1297731399536133, -2.729226589202881, -2.893920421600342, -2.54949951171875, -2.366537570953369]","[0.2916877865791321, 0.10715124011039734, 0.10277745127677917, 0.2442576140165329, 0.2541259527206421]",1.5249645709991455,4.594980770845155,0.2916877865791321,0.1027774512767791,0.40108323097229
rosenbrock,1.9287498479639176e-22,2,cholesky,5,gumbel_softmax,8192,0.02,1000,2,rosenbrock,100,-51.082198910331726,0.6060917873569208,0.0042857161286155,20000,1.0821989103317264,0.1129423156380653,0.9410930275917052,8.332510470278736,-2.4568734645843504,0.7793463468551636,"[0.11294231563806534, 0.1733025312423706, 0.22293721139431, 0.18531876802444458, 0.16223269701004028]","[0.9410930275917053, 0.39203599095344543, 0.2953214943408966, 0.4751047194004059, 0.6808039546012878]","[8.332510470278736, 2.2621480952587314, 1.3246846163270618, 2.563716154953809, 4.196465738094425]","[-2.241591453552246, -2.689117908477783, -2.7205557823181152, -2.4298977851867676, -2.203204393386841]","[0.3715205192565918, 0.10591882467269897, 0.06533559411764145, 0.22328577935695648, 0.2339392602443695]",1.4585227966308594,4.2996034461913535,0.3715205192565918,0.0653355941176414,0.7879931926727295
rosenbrock,1.9287498479639176e-22,2,cholesky,5,gumbel_softmax,8192,0.02,1000,2,rosenbrock,250,-51.01180399436951,0.8414567759409168,0.0059499979234319,20000,1.011803994369508,0.0984530001878738,1.209170937538147,12.281707365247737,-2.442210149765015,0.9995013475418092,"[0.09845300018787384, 0.19230325520038605, 0.21837231516838074, 0.17353589832782745, 0.11687720566987991]","[1.209170937538147, 0.3854758143424988, 0.30780577659606934, 0.4381839632987976, 0.9437514543533325]","[12.281707365247737, 2.0045204847979345, 1.409545785869097, 2.525033537850608, 8.074726367252156]","[-2.1282410621643066, -2.6019585132598877, -2.6998400688171387, -2.5764873027801514, -2.204523801803589]","[0.6256382465362549, 0.06458407640457153, 0.019738396629691124, 0.1369224637746811, 0.153116837143898]",1.1074178218841553,3.0265332479029396,0.6256382465362549,0.0197383966296911,1.9271249771118164
rosenbrock,1.9287498479639176e-22,2,cholesky,5,gumbel_softmax,8192,0.02,1000,2,rosenbrock,500,-51.20438489360809,1.122687010980867,0.0079385959861462,20000,1.2043848936080934,0.089561752974987,1.3425368070602417,14.990068444006312,-2.4705790996551515,0.9999998807907104,"[0.08956175297498703, 0.17042683064937592, 0.20671753585338593, 0.1633157581090927, 0.10811788588762283]","[1.3425368070602417, 0.4181897044181824, 0.2903881072998047, 0.4509335160255432, 1.0540260076522827]","[14.990068444006313, 2.453778567756953, 1.404757976148487, 2.7611145504056367, 9.748858840505186]","[-2.1182661056518555, -2.6412692070007324, -2.812938928604126, -2.6085052490234375, -2.1719160079956055]","[0.7762541174888611, 0.046049125492572784, 0.008692721836268902, 0.07364016026258469, 0.09536385536193848]",0.7958022356033325,2.2162182129909245,0.7762541174888611,0.0086927218362689,3.72835922241211
rosenbrock,1.9287498479639176e-22,2,cholesky,5,gumbel_softmax,8192,0.02,1000,2,rosenbrock,1000,-51.277333778953555,1.1411632138993604,0.0080692424698887,20000,1.2773337789535546,0.0888028219342231,1.402127385139465,15.789221047254896,-2.4933266639709473,1.0,"[0.08880282193422318, 0.1734926700592041, 0.16776172816753387, 0.1614564061164856, 0.1007850244641304]","[1.4021273851394653, 0.4369979798793793, 0.29779544472694397, 0.44747352600097656, 1.1220329999923706]","[15.789221047254896, 2.5188267592530242, 1.775109543635322, 2.7714820165025773, 11.132933746438733]","[-2.083346366882324, -2.57944655418396, -2.9965591430664062, -2.627657890319824, -2.1796233654022217]","[0.8294419646263123, 0.03887684643268585, 0.0054444498382508755, 0.056540198624134064, 0.06969650089740753]",0.6578099727630615,1.930559722950763,0.8294419646263123,0.0054444498382508,7.426277160644531
rosenbrock,1.9287498479639176e-22,2,cholesky,5,gumbel_softmax,8192,0.02,1000,3,rosenbrock,50,-51.242137230300905,0.7080149848709609,0.0050064219698394,20000,1.242137230300905,0.1356973648071289,0.7794884443283081,5.744315266816128,-2.3116480827331545,0.6928130388259888,"[0.1996123492717743, 0.15405233204364777, 0.24831132590770721, 0.1356973648071289, 0.25998082756996155]","[0.555769681930542, 0.6618624925613403, 0.3716858923435211, 0.7794884443283081, 0.33289456367492676]","[2.7842449826280826, 4.296348414731004, 1.4968543661261347, 5.744315266816128, 1.2804581275722877]","[-2.198779344558716, -2.283160448074341, -2.3827781677246094, -2.246445655822754, -2.4470767974853516]","[0.1973501741886139, 0.18960897624492645, 0.10727294534444809, 0.38991841673851013, 0.11584950238466263]",1.491950511932373,4.445758572706823,0.3899184167385101,0.107272945344448,0.3678719997406006
rosenbrock,1.9287498479639176e-22,2,cholesky,5,gumbel_softmax,8192,0.02,1000,3,rosenbrock,100,-51.05326153335571,0.8419961015486483,0.0059538115313768,20000,1.053261533355716,0.1180237084627151,0.9937618374824524,8.420018743915266,-2.3614166259765623,0.96590393781662,"[0.17235171794891357, 0.12660588324069977, 0.21974216401576996, 0.11802370846271515, 0.23849917948246002]","[0.4564354717731476, 0.88201904296875, 0.40587252378463745, 0.9937618374824524, 0.34000134468078613]","[2.6482792118639553, 6.966651315025216, 1.8470398050485646, 8.420018743915266, 1.4255870624736924]","[-2.5425260066986084, -2.192218065261841, -2.4170165061950684, -2.14312744140625, -2.512195110321045]","[0.11582726985216141, 0.19932186603546143, 0.04695113003253937, 0.5758091807365417, 0.062090542167425156]",1.205157995223999,3.3372863117144873,0.5758091807365417,0.0469511300325393,0.7071390151977539
rosenbrock,1.9287498479639176e-22,2,cholesky,5,gumbel_softmax,8192,0.02,1000,3,rosenbrock,250,-51.19327414035797,1.0659519591251856,0.007537418587165,20000,1.1932741403579712,0.1017121598124504,1.192729949951172,11.726522690605297,-2.4937932968139647,0.9999998807907104,"[0.17229849100112915, 0.10911118239164352, 0.19597159326076508, 0.10171215981245041, 0.16450051963329315]","[0.37836626172065735, 1.0846003293991089, 0.3814127743244171, 1.1927299499511719, 0.3340359926223755]","[2.1959928930438384, 9.94032239066062, 1.9462656193078913, 11.726522690605297, 2.030607522499097]","[-2.730419635772705, -2.134176254272461, -2.593658685684204, -2.1093637943267822, -2.901348114013672]","[0.05400051921606064, 0.1579437553882599, 0.012253887951374054, 0.7549606561660767, 0.020841185003519058]",0.7959271669387817,2.2164951053878283,0.7549606561660767,0.012253887951374,1.7272601127624512
rosenbrock,1.9287498479639176e-22,2,cholesky,5,gumbel_softmax,8192,0.02,1000,3,rosenbrock,500,-51.22264297828674,1.0795839586802347,0.0076338113804301,20000,1.2226429782867427,0.0988010391592979,1.2592003345489502,12.744808609945167,-2.543137550354004,1.0,"[0.18218733370304108, 0.10216968506574631, 0.174991175532341, 0.09880103915929794, 0.12263922393321991]","[0.38254064321517944, 1.1728267669677734, 0.37033894658088684, 1.2592003345489502, 0.3637424111366272]","[2.0997104213551268, 11.479205071573414, 2.116329268914721, 12.744808609945169, 2.9659549324504364]","[-2.663640260696411, -2.1217033863067627, -2.736356258392334, -2.084170341491699, -3.1098175048828125]","[0.045701708644628525, 0.15293297171592712, 0.008533953689038754, 0.7771784067153931, 0.015652969479560852]",0.7298281788825989,2.07472409563444,0.7771784067153931,0.0085339536890387,3.4077460765838623
rosenbrock,1.9287498479639176e-22,2,cholesky,5,gumbel_softmax,8192,0.02,1000,3,rosenbrock,1000,-51.186816772270205,1.0887177064220348,0.0076983967300888,20000,1.1868167722702054,0.0964914858341217,1.2796976566314695,13.262285740229922,-2.5901476383209228,1.0,"[0.18431593477725983, 0.10080282390117645, 0.15779267251491547, 0.0964914858341217, 0.1086638942360878]","[0.3830052614212036, 1.183046817779541, 0.35850217938423157, 1.2796976566314697, 0.37158942222595215]","[2.0779823615579076, 11.73624678351629, 2.271982429034174, 13.262285740229922, 3.41962180573633]","[-2.650810480117798, -2.126495599746704, -2.8722939491271973, -2.091676712036133, -3.2094614505767822]","[0.04414413496851921, 0.19174544513225555, 0.007768736220896244, 0.7404579520225525, 0.015883730724453926]",0.780460000038147,2.182475973658744,0.7404579520225525,0.0077687362208962,6.9088311195373535
rosenbrock,1.9287498479639176e-22,2,cholesky,5,gumbel_softmax,8192,0.02,1000,4,rosenbrock,50,-51.183543458175656,0.5977634790087077,0.0042268260955271,20000,1.183543458175656,0.1338148117065429,0.8028254508972168,5.999526066350711,-2.339244079589844,0.6155323386192322,"[0.13381481170654297, 0.2056932896375656, 0.1880788952112198, 0.1595565527677536, 0.24201539158821106]","[0.8028254508972168, 0.4361295998096466, 0.40620511770248413, 0.709606409072876, 0.41264304518699646]","[5.999526066350711, 2.1202908494395367, 2.159759165143438, 4.447366132970801, 1.7050281078366627]","[-2.2309165000915527, -2.4111850261688232, -2.5717906951904297, -2.1784017086029053, -2.303926467895508]","[0.2751612663269043, 0.21051646769046783, 0.1575556993484497, 0.20310938358306885, 0.15365710854530334]",1.5858147144317627,4.883268227393696,0.2751612663269043,0.1536571085453033,0.3615379333496094
rosenbrock,1.9287498479639176e-22,2,cholesky,5,gumbel_softmax,8192,0.02,1000,4,rosenbrock,100,-50.951233863830566,0.7569518716545965,0.0053524580147881,20000,0.9512338638305664,0.1123134493827819,0.9992479681968688,8.89695734293828,-2.3817808628082275,0.8735778331756592,"[0.11231344938278198, 0.17524580657482147, 0.17825524508953094, 0.12571942806243896, 0.21219922602176666]","[0.9992479681968689, 0.4597184956073761, 0.40040746331214905, 0.8911116123199463, 0.43869340419769287]","[8.89695734293828, 2.6232781519431025, 2.2462590826488125, 7.088097886329652, 2.067365712977168]","[-2.187213897705078, -2.5187065601348877, -2.6398115158081055, -2.188988208770752, -2.3741841316223145]","[0.3670899271965027, 0.15936702489852905, 0.13075168430805206, 0.26925376057624817, 0.07353763282299042]",1.4717901945114136,4.357028091308262,0.3670899271965027,0.0735376328229904,0.7229669094085693
rosenbrock,1.9287498479639176e-22,2,cholesky,5,gumbel_softmax,8192,0.02,1000,4,rosenbrock,250,-50.941369560432435,0.9124485743144436,0.0064519857438174,20000,0.9413695604324346,0.0944778397679328,1.3011716604232788,13.772241867715891,-2.4660768032073976,0.9999934434890748,"[0.09447783976793289, 0.1411207616329193, 0.17407691478729248, 0.10589601844549179, 0.20251402258872986]","[1.3011716604232788, 0.4410831332206726, 0.35471561551094055, 1.124491810798645, 0.38751980662345886]","[13.772241867715891, 3.125572227054796, 2.037694750877068, 10.61882993624976, 1.9135455494380407]","[-2.0961248874664307, -2.7766611576080322, -2.7846970558166504, -2.1279664039611816, -2.5449345111846924]","[0.5361489653587341, 0.07568351179361343, 0.0740116685628891, 0.289388507604599, 0.024767432361841202]",1.172683596611023,3.2306507793365573,0.5361489653587341,0.0247674323618412,1.7879109382629397
rosenbrock,1.9287498479639176e-22,2,cholesky,5,gumbel_softmax,8192,0.02,1000,4,rosenbrock,500,-51.04099991531372,0.9808236472543596,0.0069354705212167,20000,1.0409999153137193,0.0879167094826698,1.4108201265335083,16.047235330294175,-2.4488393783569338,1.0,"[0.08791670948266983, 0.14145132899284363, 0.1754475086927414, 0.09944812953472137, 0.1962071806192398]","[1.4108201265335083, 0.46292582154273987, 0.3773477375507355, 1.163533329963684, 0.39425021409988403]","[16.047235330294175, 3.272686264871788, 2.1507728457494313, 11.69990160103964, 2.0093567057821757]","[-2.0871942043304443, -2.7259879112243652, -2.715003490447998, -2.1566576957702637, -2.5593535900115967]","[0.6408059000968933, 0.051250096410512924, 0.05595162883400917, 0.23650500178337097, 0.015487410128116608]",1.0043033361434937,2.730004714568358,0.6408059000968933,0.0154874101281166,3.5152270793914795
rosenbrock,1.9287498479639176e-22,2,cholesky,5,gumbel_softmax,8192,0.02,1000,4,rosenbrock,1000,-51.07186831703186,1.026413378560392,0.0072578386028064,20000,1.071868317031857,0.0850782319903373,1.4408700466156006,16.93582498022814,-2.455993318557739,0.9999998807907104,"[0.08507823199033737, 0.13232511281967163, 0.17754249274730682, 0.10036633908748627, 0.2193487584590912]","[1.4408700466156006, 0.4768539369106293, 0.40856677293777466, 1.2010914087295532, 0.31299889087677]","[16.93582498022814, 3.603654111827362, 2.301233730672469, 11.967074017540867, 1.426946261631769]","[-2.0989370346069336, -2.763038396835327, -2.623645305633545, -2.1156978607177734, -2.678647994995117]","[0.6720028519630432, 0.0422019325196743, 0.05163787305355072, 0.21882323920726776, 0.015334189869463444]",0.9502875208854676,2.5864532117349572,0.6720028519630432,0.0153341898694634,7.094476938247681
rosenbrock,1.9287498479639176e-22,2,cholesky,5,gumbel_softmax,8192,0.02,1000,5,rosenbrock,50,-51.18984074764252,0.5872076622240593,0.0041521851992333,20000,1.1898407476425206,0.1180623322725296,0.7767845988273621,6.579444805768097,-2.495700788497925,0.6778354644775391,"[0.21962425112724304, 0.21706420183181763, 0.14879925549030304, 0.1180623322725296, 0.21664345264434814]","[0.4709606170654297, 0.30935007333755493, 0.7007769346237183, 0.7767845988273621, 0.2646142244338989]","[2.144392591656787, 1.4251547271587455, 4.709545973967501, 6.579444805768097, 1.2214272861885276]","[-2.268817901611328, -2.7008438110351562, -2.2607228755950928, -2.389134645462036, -2.8589847087860107]","[0.2190571278333664, 0.10798603296279907, 0.32490289211273193, 0.2462315708398819, 0.10182233899831772]",1.515941858291626,4.5537080553787455,0.3249028921127319,0.1018223389983177,0.3766736984252929
rosenbrock,1.9287498479639176e-22,2,cholesky,5,gumbel_softmax,8192,0.02,1000,5,rosenbrock,100,-50.95730635662079,0.6222279557923783,0.0043998160698463,20000,0.9573063566207908,0.1109238043427467,0.974277675151825,8.783305629703932,-2.470096158981323,0.941173493862152,"[0.18550081551074982, 0.20653080940246582, 0.11763782054185867, 0.11092380434274673, 0.1914542317390442]","[0.5041924118995667, 0.33088842034339905, 0.9707682132720947, 0.974277675151825, 0.28655678033828735]","[2.718006443860343, 1.6021261975427503, 8.252177818329008, 8.783305629703932, 1.4967377724451125]","[-2.369493246078491, -2.6832797527313232, -2.1698122024536133, -2.224970579147339, -2.9029250144958496]","[0.14716438949108124, 0.06371450424194336, 0.4405233561992645, 0.2765651345252991, 0.07203264534473419]",1.363525629043579,3.90995407750073,0.4405233561992645,0.0637145042419433,0.7385027408599854
rosenbrock,1.9287498479639176e-22,2,cholesky,5,gumbel_softmax,8192,0.02,1000,5,rosenbrock,250,-50.97621078033448,0.8795738307668659,0.0062195262028947,20000,0.9762107803344762,0.0992816314101219,1.2229349613189695,12.317837085766197,-2.5386792182922364,0.9999960660934448,"[0.17552529275417328, 0.1654747724533081, 0.09928163141012192, 0.10319158434867859, 0.13861995935440063]","[0.39065876603126526, 0.3962927460670471, 1.2229349613189697, 1.1530771255493164, 0.3410690426826477]","[2.225655117284953, 2.3948831606876433, 12.317837085766195, 11.174139178376537, 2.460461280403774]","[-2.6798930168151855, -2.724538564682007, -2.1085410118103027, -2.1287338733673096, -3.051689624786377]","[0.07161450386047363, 0.032280247658491135, 0.532832682132721, 0.3221168518066406, 0.04115573316812515]",1.131290078163147,3.0996527161373906,0.532832682132721,0.0322802476584911,1.814009666442871
rosenbrock,1.9287498479639176e-22,2,cholesky,5,gumbel_softmax,8192,0.02,1000,5,rosenbrock,500,-51.0616855594635,0.942990349873567,0.0066679487098907,20000,1.0616855594634984,0.0906938910484314,1.3475295305252075,14.857996662703709,-2.5446485042572022,0.9999998807907104,"[0.18784448504447937, 0.14661185443401337, 0.0906938910484314, 0.09888626635074615, 0.1102224588394165]","[0.4009931683540344, 0.4440094828605652, 1.3475295305252075, 1.2033592462539673, 0.37927258014678955]","[2.1347082309021954, 3.0284691819405616, 14.857996662703709, 12.16912409237592, 3.4409736830436084]","[-2.585951805114746, -2.7318758964538574, -2.10199236869812, -2.1286678314208984, -3.1747546195983887]","[0.054264284670352936, 0.024797338992357254, 0.660712718963623, 0.23315943777561188, 0.027066323906183243]",0.9608023166656494,2.6137927218444363,0.660712718963623,0.0247973389923572,3.6738808155059814
rosenbrock,1.9287498479639176e-22,2,cholesky,5,gumbel_softmax,8192,0.02,1000,5,rosenbrock,1000,-51.15600703315735,1.1344196402196278,0.008021558203105,20000,1.156007033157351,0.089935079216957,1.3774687051773071,15.316256094625066,-2.5465156555175783,1.0,"[0.18201503157615662, 0.15480832755565643, 0.08993507921695709, 0.09955137968063354, 0.09374123811721802]","[0.4068446755409241, 0.426544725894928, 1.3774687051773071, 1.2094275951385498, 0.43196454644203186]","[2.2352256954706338, 2.755308662200858, 15.316256094625066, 12.148777837318397, 4.6080524976839445]","[-2.602989673614502, -2.7176055908203125, -2.0884199142456055, -2.116934299468994, -3.2066287994384766]","[0.04099833220243454, 0.025888530537486076, 0.7344834208488464, 0.17794199287891388, 0.020687667652964592]",0.8396182060241699,2.315482770626577,0.7344834208488464,0.0206876676529645,7.189105749130249
rosenbrock,1.9287498479639176e-22,2,cholesky,5,ode_transport,8192,0.02,1000,1,rosenbrock,50,-51.23123318939209,0.6368016546792189,0.0045028676829448,20000,1.2312331893920927,0.1317745894193649,0.7619573473930359,5.782278288632349,-2.459220361709595,0.5826454162597656,"[0.19974693655967712, 0.15814971923828125, 0.13177458941936493, 0.19716300070285797, 0.1390514224767685]","[0.5397904515266418, 0.37547793984413147, 0.7619573473930359, 0.40802955627441406, 0.6354154944419861]","[2.7023716149227255, 2.374192895520768, 5.782278288632349, 2.069503683854714, 4.569643971446217]","[-2.227278232574463, -2.8237686157226562, -2.298527240753174, -2.5201401710510254, -2.4263875484466553]","[0.21287566423416138, 0.1060715988278389, 0.3467334806919098, 0.17645062506198883, 0.15786857903003693]",1.5320905447006226,4.627841426005378,0.3467334806919098,0.1060715988278389,10.98355770111084
rosenbrock,1.9287498479639176e-22,2,cholesky,5,ode_transport,8192,0.02,1000,1,rosenbrock,100,-51.03007710914612,0.5607332047529657,0.0039649825151728,20000,1.03007710914612,0.1082686260342598,1.0001952648162842,9.23808956899286,-2.418101596832275,0.7574777007102966,"[0.1720331460237503, 0.15039844810962677, 0.1082686260342598, 0.21636375784873962, 0.14314836263656616]","[0.644192636013031, 0.3672122657299042, 1.0001952648162842, 0.39444708824157715, 0.6931442022323608]","[3.7445844065660228, 2.4415961091715515, 9.23808956899286, 1.8230737539571482, 4.842138530023971]","[-2.1998255252838135, -2.896282434463501, -2.222944498062134, -2.461064577102661, -2.3103909492492676]","[0.17458035051822662, 0.0904151052236557, 0.41021090745925903, 0.1614256501197815, 0.16336804628372192]",1.4779138565063477,4.383790918262938,0.410210907459259,0.0904151052236557,24.31950283050537
rosenbrock,1.9287498479639176e-22,2,cholesky,5,ode_transport,8192,0.02,1000,1,rosenbrock,250,-50.950538716316224,0.6399381790728799,0.004525046259626,20000,0.950538716316224,0.0897246450185775,1.2708905935287476,14.164342397404956,-2.488864803314209,0.8572640419006348,"[0.1730237603187561, 0.11726997047662735, 0.08972464501857758, 0.16695784032344818, 0.1282462179660797]","[0.5051173567771912, 0.4262644946575165, 1.2708905935287476, 0.5504517555236816, 0.6710333228111267]","[2.9193525550862476, 3.634898967954236, 14.164342397404955, 3.2969506221288496, 5.232382938486425]","[-2.437290906906128, -2.9959716796875, -2.1712918281555176, -2.3870298862457275, -2.452739715576172]","[0.12393691390752792, 0.10830990970134735, 0.445685476064682, 0.1924133598804474, 0.12965431809425354]",1.441688895225525,4.227830152887371,0.445685476064682,0.1083099097013473,72.52650594711304
rosenbrock,1.9287498479639176e-22,2,cholesky,5,ode_transport,8192,0.02,1000,1,rosenbrock,500,-50.813751049232486,0.552313002444194,0.0039054426936579,20000,0.8137510492324864,0.0860414206981659,1.3392343521118164,15.564995803705555,-2.424602174758911,0.9668017625808716,"[0.20647083222866058, 0.10952755063772202, 0.0860414206981659, 0.16119544208049774, 0.11485812067985535]","[0.4111059308052063, 0.5026178956031799, 1.3392343521118164, 0.5819703340530396, 0.9364616870880127]","[1.9911089928185022, 4.588963166588654, 15.564995803705555, 3.6103398864244274, 8.153203983706275]","[-2.4665002822875977, -2.8995041847229004, -2.1608283519744873, -2.36647367477417, -2.2297043800354004]","[0.15932238101959229, 0.10124871879816055, 0.37269219756126404, 0.1775951087474823, 0.18914157152175903]",1.514271259307861,4.5461069862660555,0.372692197561264,0.1012487187981605,153.16661763191223
rosenbrock,1.9287498479639176e-22,2,cholesky,5,ode_transport,8192,0.02,1000,1,rosenbrock,1000,-50.76434294624329,0.6271656754534053,0.0044347310204054,20000,0.7643429462432891,0.0802418068051338,1.314934015274048,16.38714365526873,-2.372451114654541,0.9625555276870728,"[0.20763997733592987, 0.10379002243280411, 0.08024180680513382, 0.17785795032978058, 0.10729659348726273]","[0.44020798802375793, 0.6343837976455688, 1.3149340152740479, 0.5175425410270691, 1.124349594116211]","[2.1200541132383597, 6.112184801350077, 16.38714365526873, 2.9098645299096964, 10.478893668228931]","[-2.3924574851989746, -2.720486640930176, -2.2489240169525146, -2.3854336738586426, -2.1149537563323975]","[0.1858282834291458, 0.10476291179656982, 0.33467721939086914, 0.16717441380023956, 0.20755717158317566]",1.5408012866973877,4.668329442995362,0.3346772193908691,0.1047629117965698,327.076584815979
rosenbrock,1.9287498479639176e-22,2,cholesky,5,ode_transport,8192,0.02,1000,2,rosenbrock,50,-51.23079861469269,0.544113668902705,0.0038474646501739,20000,1.230798614692688,0.1415261924266815,0.7485889196395874,5.043283312385305,-2.620610809326172,0.6712881922721863,"[0.14843285083770752, 0.14152619242668152, 0.18396514654159546, 0.2283010482788086, 0.14759820699691772]","[0.7485889196395874, 0.38196390867233276, 0.266726553440094, 0.3326764404773712, 0.6171213388442993]","[5.043283312385305, 2.698892000999825, 1.4498754707310049, 1.4571831491158815, 4.181089671754526]","[-2.197187900543213, -2.9176998138427734, -3.014540195465088, -2.5776748657226562, -2.395951271057129]","[0.3038232624530792, 0.10315163433551788, 0.11927507072687149, 0.20763607323169708, 0.2661139965057373]",1.528566598892212,4.611561864603193,0.3038232624530792,0.1031516343355178,11.8710458278656
rosenbrock,1.9287498479639176e-22,2,cholesky,5,ode_transport,8192,0.02,1000,2,rosenbrock,100,-51.02934355392456,0.6132849219973966,0.0043365792714382,20000,1.029343553924562,0.1241071671247482,0.9666438102722168,7.788783135309018,-2.5775178909301757,0.9124997854232788,"[0.12410716712474823, 0.1600687950849533, 0.1630522608757019, 0.23421995341777802, 0.13540436327457428]","[0.9666438102722168, 0.34542953968048096, 0.2768140733242035, 0.3569810688495636, 0.7461820244789124]","[7.788783135309018, 2.1580067463939563, 1.6977015334686132, 1.5241274863240053, 5.510767943022613]","[-2.120535135269165, -2.895118236541748, -3.0980935096740723, -2.481567144393921, -2.2922754287719727]","[0.3657994568347931, 0.09062793105840683, 0.08574236184358597, 0.15781177580356598, 0.3000184893608093]",1.4486606121063232,4.257408373419481,0.3657994568347931,0.0857423618435859,25.929528951644897
rosenbrock,1.9287498479639176e-22,2,cholesky,5,ode_transport,8192,0.02,1000,2,rosenbrock,250,-50.84613933925629,0.5316575038704552,0.0037593862625551,20000,0.8461393392562897,0.0956981480121612,1.2412666082382202,12.970643988643133,-2.4423105239868166,0.9337188601493835,"[0.09569814801216125, 0.17552460730075836, 0.2516437768936157, 0.15119066834449768, 0.11806198209524155]","[1.2412666082382202, 0.3990511894226074, 0.30197736620903015, 0.5389395356178284, 0.8175591230392456]","[12.970643988643133, 2.273477181115923, 1.2000192094426134, 3.5646349177438643, 6.924829725285436]","[-2.1304240226745605, -2.6586415767669678, -2.577144145965576, -2.5073654651641846, -2.337977409362793]","[0.35534292459487915, 0.09260570257902145, 0.10514054447412491, 0.20484024286270142, 0.24207064509391785]",1.492997169494629,4.450414195533313,0.3553429245948791,0.0926057025790214,70.50764870643616
rosenbrock,1.9287498479639176e-22,2,cholesky,5,ode_transport,8192,0.02,1000,2,rosenbrock,500,-50.79645903511047,0.5907018030829586,0.0041768925061908,20000,0.7964590351104732,0.0871677249670028,1.238829493522644,13.316201593681209,-2.3942174911499023,0.9438243508338928,"[0.08716772496700287, 0.1371278315782547, 0.28463423252105713, 0.13822777569293976, 0.09466837346553802]","[1.160742998123169, 0.48397448658943176, 0.3004966974258423, 0.6792731285095215, 1.238829493522644]","[13.316201593681209, 3.529367313835501, 1.0557292942745797, 4.914157991071664, 13.085991109518885]","[-2.290860891342163, -2.712564706802368, -2.458868980407715, -2.365584373474121, -2.1432085037231445]","[0.16979555785655975, 0.1164732575416565, 0.19218839704990387, 0.23793570697307587, 0.2836071252822876]",1.5674846172332764,4.794572827194241,0.2836071252822876,0.1164732575416565,154.51252794265747
rosenbrock,1.9287498479639176e-22,2,cholesky,5,ode_transport,8192,0.02,1000,2,rosenbrock,1000,-50.739055394744874,0.5511382905212637,0.0038971362259914,20000,0.7390553947448737,0.0818497091531753,1.3167593479156494,15.361494716486424,-2.3557295322418215,0.9542235732078552,"[0.08184970915317535, 0.13590294122695923, 0.2813361585140228, 0.14501766860485077, 0.08974874764680862]","[1.2573338747024536, 0.6117562055587769, 0.30164584517478943, 0.6160908937454224, 1.3167593479156494]","[15.361494716486423, 4.501419910678298, 1.0721901044218398, 4.248385039371778, 14.671618072015203]","[-2.2738771438598633, -2.4872357845306396, -2.4667067527770996, -2.4152605533599854, -2.1355674266815186]","[0.18589070439338684, 0.15883782505989075, 0.1819547414779663, 0.20487697422504425, 0.26843976974487305]",1.5929043292999268,4.918011731932137,0.268439769744873,0.1588378250598907,332.7677969932556
rosenbrock,1.9287498479639176e-22,2,cholesky,5,ode_transport,8192,0.02,1000,3,rosenbrock,50,-51.18720286540985,0.6007532560201848,0.0042479670115177,20000,1.1872028654098514,0.1073559671640396,0.7086769342422485,6.601188112435262,-2.3794666290283204,0.7618393898010254,"[0.10735596716403961, 0.16656427085399628, 0.261848509311676, 0.14692223072052002, 0.2451954185962677]","[0.7086769342422485, 0.7000875473022461, 0.33356499671936035, 0.6962456703186035, 0.35030972957611084]","[6.601188112435262, 4.203107567504171, 1.2738854141129397, 4.738872170019141, 1.4286960644763171]","[-2.575960636138916, -2.148923873901367, -2.4379067420959473, -2.27990460395813, -2.454637289047241]","[0.19707007706165314, 0.4037814736366272, 0.11870762705802917, 0.19157931208610535, 0.08886146545410156]",1.4709200859069824,4.35323865252699,0.4037814736366272,0.0888614654541015,11.077008962631226
rosenbrock,1.9287498479639176e-22,2,cholesky,5,ode_transport,8192,0.02,1000,3,rosenbrock,100,-51.00988118743896,0.5698946839097662,0.0040297639555475,20000,1.009881187438964,0.0996088087558746,0.9260970950126648,9.297341335367053,-2.368243455886841,0.737870991230011,"[0.09960880875587463, 0.12833821773529053, 0.2427692711353302, 0.12534962594509125, 0.26442572474479675]","[0.9260970950126648, 0.8566567897796631, 0.34629592299461365, 0.7863152623176575, 0.3240732252597809]","[9.297341335367053, 6.674993660474522, 1.4264405102636453, 6.272976535742506, 1.2255737431467808]","[-2.3832809925079346, -2.2078042030334473, -2.4761054515838623, -2.3170459270477295, -2.4569807052612305]","[0.21253475546836853, 0.34603700041770935, 0.1582413762807846, 0.17176368832588196, 0.11142327636480331]",1.5351932048797607,4.642222343326476,0.3460370004177093,0.1114232763648033,24.593607902526855
rosenbrock,1.9287498479639176e-22,2,cholesky,5,ode_transport,8192,0.02,1000,3,rosenbrock,250,-50.79914108715057,0.4319436128488102,0.0030543025773561,20000,0.7991410871505735,0.0909872129559516,1.152883529663086,12.087666342948634,-2.4518056869506837,0.9268198013305664,"[0.09098721295595169, 0.09537684917449951, 0.17845527827739716, 0.13370734453201294, 0.2294541448354721]","[0.882086455821991, 1.152883529663086, 0.4594246745109558, 0.5672944188117981, 0.3765721619129181]","[9.694620014891791, 12.087666342948634, 2.574452708520114, 4.2428067119078365, 1.641165219233392]","[-2.5225014686584473, -2.207653045654297, -2.501197576522827, -2.5789787769317627, -2.448697566986084]","[0.21876734495162964, 0.2520584762096405, 0.16855750977993011, 0.15971703827381134, 0.2008996605873108]",1.5953551530838013,4.930079694238096,0.2520584762096405,0.1597170382738113,74.17082190513611
rosenbrock,1.9287498479639176e-22,2,cholesky,5,ode_transport,8192,0.02,1000,3,rosenbrock,500,-50.748831216430666,0.5052404612226331,0.0035725895626034,20000,0.7488312164306663,0.0840287506580352,1.2530741691589355,14.197766512728863,-2.3839189529418947,0.9375562071800232,"[0.08402875065803528, 0.08993815630674362, 0.1980864405632019, 0.11216570436954498, 0.19876495003700256]","[1.1930205821990967, 1.2530741691589355, 0.3671957850456238, 0.7779921889305115, 0.4671558141708374]","[14.197766512728863, 13.932620153844306, 1.8537148933647756, 6.936096851559116, 2.3502927155108106]","[-2.300107955932617, -2.1830332279205322, -2.6209120750427246, -2.438816785812378, -2.3767247200012207]","[0.30010974407196045, 0.16487997770309448, 0.1352052092552185, 0.2039467692375183, 0.19585835933685303]",1.5725315809249878,4.81883202833016,0.3001097440719604,0.1352052092552185,160.95278191566467
rosenbrock,1.9287498479639176e-22,2,cholesky,5,ode_transport,8192,0.02,1000,3,rosenbrock,1000,-50.67638169326782,0.477033433012203,0.0033731357533562,20000,0.676381693267821,0.0754498317837715,1.533056139945984,20.318880820563056,-2.332454204559326,0.9654006958007812,"[0.07544983178377151, 0.09244661778211594, 0.16129186749458313, 0.12020747363567352, 0.25383302569389343]","[1.5330561399459839, 1.1552523374557495, 0.5656346678733826, 0.7102370262145996, 0.35263413190841675]","[20.318880820563056, 12.496426209756226, 3.5069013500781683, 5.908426529012629, 1.3892366091623995]","[-2.1570241451263428, -2.2368052005767822, -2.3943464756011963, -2.4606924057006836, -2.413402795791626]","[0.28078600764274597, 0.17213940620422363, 0.16173216700553894, 0.18456707894802094, 0.20077529549598694]",1.588389873504639,4.895859625342829,0.2807860076427459,0.1617321670055389,336.432669878006
rosenbrock,1.9287498479639176e-22,2,cholesky,5,ode_transport,8192,0.02,1000,4,rosenbrock,50,-51.13176593399048,0.5843707226267011,0.0041321250069622,20000,1.131765933990479,0.1352070122957229,0.8496538996696472,6.284096403308547,-2.3668943881988525,0.7121365070343018,"[0.13520701229572296, 0.20016419887542725, 0.19870588183403015, 0.15565599501132965, 0.22329075634479523]","[0.8496538996696472, 0.42442256212234497, 0.4034428298473358, 0.6888064742088318, 0.3870806097984314]","[6.284096403308547, 2.120371997124648, 2.03035172448651, 4.425184357073404, 1.7335272455287825]","[-2.163874387741089, -2.4656429290771484, -2.5236499309539795, -2.2329018115997314, -2.4484028816223145]","[0.3783901631832123, 0.2055169641971588, 0.1109219565987587, 0.17368867993354797, 0.13148221373558044]",1.5076171159744265,4.515956961311627,0.3783901631832123,0.1109219565987587,11.57844614982605
rosenbrock,1.9287498479639176e-22,2,cholesky,5,ode_transport,8192,0.02,1000,4,rosenbrock,100,-50.93881570148468,0.4968056105691172,0.0035129461616494,20000,0.9388157014846784,0.1082017421722412,1.001431941986084,9.255229369523017,-2.403072214126587,0.915601372718811,"[0.10820174217224121, 0.173336923122406, 0.2144497185945511, 0.1217598170042038, 0.22922973334789276]","[1.001431941986084, 0.4292149245738983, 0.37574028968811035, 0.8579710125923157, 0.3889666795730591]","[9.255229369523017, 2.476188666801233, 1.75211369896224, 7.046421666046804, 1.6968421761532129]","[-2.2223267555236816, -2.598315477371216, -2.5185370445251465, -2.258889675140381, -2.4172921180725098]","[0.3761956989765167, 0.19260387122631073, 0.08913688361644745, 0.24585893750190735, 0.09620459377765656]",1.4707046747207642,4.352301017217151,0.3761956989765167,0.0891368836164474,25.610492944717407
rosenbrock,1.9287498479639176e-22,2,cholesky,5,ode_transport,8192,0.02,1000,4,rosenbrock,250,-50.871362232589725,0.6838207223296876,0.004835342698752,20000,0.8713622325897248,0.0927581489086151,1.2227306365966797,13.18192149135391,-2.389683151245117,0.9438191652297974,"[0.09275814890861511, 0.1794794201850891, 0.16074655950069427, 0.1018977165222168, 0.1927121877670288]","[1.2227306365966797, 0.5155837535858154, 0.3800883889198303, 1.0557125806808472, 0.4866611361503601]","[13.18192149135391, 2.872662242022606, 2.3645195897221596, 10.360512646528932, 2.525326196486796]","[-2.176673173904419, -2.380150318145752, -2.7952775955200195, -2.229569911956787, -2.3667447566986084]","[0.2775782644748688, 0.22221849858760834, 0.10871179401874542, 0.2735365927219391, 0.11795484274625778]",1.537947654724121,4.65502673837394,0.2775782644748688,0.1087117940187454,72.43992614746094
rosenbrock,1.9287498479639176e-22,2,cholesky,5,ode_transport,8192,0.02,1000,4,rosenbrock,500,-50.77160772628784,0.5661368053756617,0.0040031917416041,20000,0.77160772628784,0.0892747566103935,1.267491579055786,13.822311467703033,-2.3828999042510985,0.9756175875663756,"[0.08927475661039352, 0.1781807690858841, 0.15671409666538239, 0.09169895946979523, 0.1656552255153656]","[1.2217028141021729, 0.5581234097480774, 0.376465767621994, 1.2674915790557861, 0.5432065725326538]","[13.684750992196378, 3.132343701351176, 2.4022457177277916, 13.822311467703033, 3.2791393742195467]","[-2.2157909870147705, -2.308131694793701, -2.8302602767944336, -2.1522045135498047, -2.408112049102783]","[0.2796356678009033, 0.23336665332317352, 0.11466201394796371, 0.244096040725708, 0.12823964655399323]",1.5518523454666138,4.7202055409775845,0.2796356678009033,0.1146620139479637,158.16533613204956
rosenbrock,1.9287498479639176e-22,2,cholesky,5,ode_transport,8192,0.02,1000,4,rosenbrock,1000,-50.762028004264835,0.6014577874868168,0.0042529488012938,20000,0.7620280042648346,0.0807625949382782,1.3079698085784912,16.195242482959973,-2.3563966274261476,0.9839977025985718,"[0.0807625949382782, 0.15479008853435516, 0.20556315779685974, 0.09672597795724869, 0.1965629607439041]","[1.3079698085784912, 0.6383740901947021, 0.30367785692214966, 1.3042819499969482, 0.47287753224372864]","[16.195242482959973, 4.124127689564678, 1.4772971002043478, 13.484298401960016, 2.4057306140185095]","[-2.247765064239502, -2.314516067504883, -2.773789882659912, -2.070220708847046, -2.3756914138793945]","[0.33691591024398804, 0.2608582675457001, 0.1078159511089325, 0.17799444496631622, 0.1164153665304184]",1.5147961378097534,4.548493766420449,0.336915910243988,0.1078159511089325,324.1612858772278
rosenbrock,1.9287498479639176e-22,2,cholesky,5,ode_transport,8192,0.02,1000,5,rosenbrock,50,-51.142445623397826,0.5769606724103495,0.004079728039393,20000,1.1424456233978262,0.1209257990121841,0.7391504049301147,5.764549037835576,-2.4768611431121825,0.7348454594612122,"[0.1617824137210846, 0.23317134380340576, 0.14421793818473816, 0.12092579901218414, 0.2306794971227646]","[0.6847745180130005, 0.2944745421409607, 0.7391504049301147, 0.6970826983451843, 0.2653372287750244]","[4.232688227742494, 1.2629105160934426, 5.125232091331723, 5.764549037835576, 1.1502419247680926]","[-2.2001686096191406, -2.678544521331787, -2.2386834621429443, -2.4734294414520264, -2.7934796810150146]","[0.2010997086763382, 0.10687374323606491, 0.377134770154953, 0.21135590970516205, 0.10353589802980423]",1.4925942420959473,4.448621362933395,0.377134770154953,0.1035358980298042,11.120516777038574
rosenbrock,1.9287498479639176e-22,2,cholesky,5,ode_transport,8192,0.02,1000,5,rosenbrock,100,-50.94714952087402,0.5414576093055622,0.0038286834726501,20000,0.9471495208740208,0.1009931117296218,0.98826801776886,9.785499236964249,-2.4361055850982667,0.8085859417915344,"[0.1423882097005844, 0.22240035235881805, 0.11861009895801544, 0.10099311172962189, 0.19340485334396362]","[0.7221447229385376, 0.3518647253513336, 0.9548344612121582, 0.9882680177688599, 0.29158878326416016]","[5.071660950419083, 1.5821230569978564, 8.050195300403063, 9.785499236964247, 1.5076601141212311]","[-2.2747278213500977, -2.5477845668792725, -2.178130865097046, -2.304504156112671, -2.875380516052246]","[0.16637761890888214, 0.1591368168592453, 0.3760913908481598, 0.19222499430179596, 0.106169193983078]",1.513782024383545,4.54388341592718,0.3760913908481598,0.106169193983078,25.018434762954712
rosenbrock,1.9287498479639176e-22,2,cholesky,5,ode_transport,8192,0.02,1000,5,rosenbrock,250,-50.802762755393985,0.5017687992269954,0.0035480412052123,20000,0.8027627553939851,0.0880222171545028,1.2417223453521729,14.106919656120605,-2.389665937423706,0.9050407409667968,"[0.1326126754283905, 0.1735227406024933, 0.09712614119052887, 0.08802221715450287, 0.237289160490036]","[0.6559719443321228, 0.4960825741291046, 1.107408881187439, 1.2417223453521729, 0.3097325563430786]","[4.94652522628835, 2.8588908428177313, 11.401759275240583, 14.106919656120605, 1.3052958496015437]","[-2.441959857940674, -2.4524595737457275, -2.229721784591675, -2.2136666774749756, -2.6105217933654785]","[0.15913011133670807, 0.21574124693870544, 0.27800416946411133, 0.2040448784828186, 0.14307956397533417]",1.5817514657974243,4.86346655124819,0.2780041694641113,0.1430795639753341,71.96881580352783
rosenbrock,1.9287498479639176e-22,2,cholesky,5,ode_transport,8192,0.02,1000,5,rosenbrock,500,-50.73042672138214,0.4663395350851585,0.0032975184759409,20000,0.7304267213821376,0.0867500752210617,1.272297739982605,14.66624365155258,-2.3754933357238768,0.9517180919647216,"[0.14098967611789703, 0.14475557208061218, 0.08803205192089081, 0.0867500752210617, 0.273852676153183]","[0.5529422760009766, 0.6168023943901062, 1.2602578401565552, 1.272297739982605, 0.2975483238697052]","[3.9218635805546533, 4.260992413104611, 14.315897592493632, 14.666243651552579, 1.0865269898011432]","[-2.551570415496826, -2.4159152507781982, -2.198737859725952, -2.203899621963501, -2.5073435306549072]","[0.1453949362039566, 0.2132675051689148, 0.2991277873516083, 0.1753150075674057, 0.166894793510437]",1.5749810934066772,4.830650286106449,0.2991277873516083,0.1453949362039566,159.07355189323425
rosenbrock,1.9287498479639176e-22,2,cholesky,5,ode_transport,8192,0.02,1000,5,rosenbrock,1000,-50.71528440914154,0.4599372926469101,0.0032522477855121,20000,0.7152844091415389,0.0790705829858779,1.433997392654419,18.135662322238485,-2.349436950683594,0.9615104794502258,"[0.12953642010688782, 0.15390938520431519, 0.08948048204183578, 0.07907058298587799, 0.26109781861305237]","[0.7186980247497559, 0.5537723302841187, 1.1033493280410767, 1.433997392654419, 0.3411298394203186]","[5.548231332599106, 3.5980413380833416, 12.330614485572571, 18.135662322238485, 1.306521215812507]","[-2.3741071224212646, -2.462392807006836, -2.3153843879699707, -2.176948308944702, -2.4183521270751953]","[0.16905319690704346, 0.19941926002502441, 0.25242629647254944, 0.1926381140947342, 0.1864631623029709]",1.599963903427124,4.95285364012602,0.2524262964725494,0.1690531969070434,1289.454330921173
rosenbrock,1.9287498479639176e-22,2,cholesky,5,score_function,8192,0.02,1000,1,rosenbrock,50,-51.402637596893314,0.7060976758388369,0.004992864547657,20000,1.4026375968933138,0.1361310482025146,0.6660881638526917,4.892992250098516,-2.3538289070129395,0.5120644569396973,"[0.17792148888111115, 0.279651939868927, 0.13613104820251465, 0.2577471435070038, 0.16639360785484314]","[0.5284214615821838, 0.3316032588481903, 0.6660881638526917, 0.3837716281414032, 0.594822883605957]","[2.969969872134333, 1.1857713520729123, 4.892992250098516, 1.4889461932328842, 3.574794075772808]","[-2.364274024963379, -2.378025531768799, -2.400470495223999, -2.313483715057373, -2.3128907680511475]","[0.2727351486682892, 0.11744797974824905, 0.2915090024471283, 0.1642027199268341, 0.15410515666007996]",1.5500887632369995,4.711888406496354,0.2915090024471283,0.117447979748249,0.2621221542358398
rosenbrock,1.9287498479639176e-22,2,cholesky,5,score_function,8192,0.02,1000,1,rosenbrock,100,-51.289251611709595,0.6464434122628712,0.0045710452046444,20000,1.2892516117095951,0.1307675242424011,0.720187783241272,5.50739021338566,-2.327696514129639,0.5885631442070007,"[0.19488325715065002, 0.24735809862613678, 0.13076752424240112, 0.2958378493785858, 0.18371976912021637]","[0.509952962398529, 0.31441575288772583, 0.720187783241272, 0.3754347264766693, 0.593808650970459]","[2.6167099721877167, 1.271095446779536, 5.50739021338566, 1.2690557589749878, 3.2321434640052398]","[-2.308791399002075, -2.553957462310791, -2.362577438354492, -2.1976144313812256, -2.2155418395996094]","[0.20958751440048218, 0.09379862993955612, 0.3957185745239258, 0.1531987488269806, 0.14769645035266876]",1.4862277507781982,4.4203892188595955,0.3957185745239258,0.0937986299395561,0.503931999206543
rosenbrock,1.9287498479639176e-22,2,cholesky,5,score_function,8192,0.02,1000,1,rosenbrock,250,-51.15199124031067,0.7273415529918452,0.0051430814435928,20000,1.1519912403106716,0.1326306015253067,0.8735818266868591,5.908231613634758,-2.3937463760375977,0.767042338848114,"[0.1326306015253067, 0.1996700018644333, 0.1478584259748459, 0.27041539549827576, 0.138732448220253]","[0.5946945548057556, 0.32236430048942566, 0.8735818266868591, 0.3441809117794037, 0.748690664768219]","[4.483841194765933, 1.614485388287301, 5.908231613634758, 1.2727859341928565, 5.396651427787034]","[-2.5398948192596436, -2.743162155151367, -2.0466535091400146, -2.3743839263916016, -2.2646374702453613]","[0.16896215081214905, 0.10517451167106628, 0.4430494010448456, 0.11595706641674042, 0.16685684025287628]",1.4465811252593994,4.248564347409845,0.4430494010448456,0.1051745116710662,1.213548183441162
rosenbrock,1.9287498479639176e-22,2,cholesky,5,score_function,8192,0.02,1000,1,rosenbrock,500,-51.04427108402252,0.6174104723626198,0.0043657513178319,20000,1.044271084022519,0.1203950494527816,0.9182159900665284,7.626692245569847,-2.2966848850250243,0.7616686820983887,"[0.1828932911157608, 0.2279646247625351, 0.12039504945278168, 0.2830648124217987, 0.12551631033420563]","[0.6828420162200928, 0.2968478798866272, 0.9182159900665283, 0.36017876863479614, 0.8614601492881775]","[3.733554205593542, 1.302166422513344, 7.626692245569847, 1.2724250872202685, 6.863332319078]","[-2.0803442001342773, -2.6931004524230957, -2.2022995948791504, -2.283234119415283, -2.2244460582733154]","[0.1607581228017807, 0.1363835334777832, 0.3547908663749695, 0.16637101769447327, 0.18169642984867096]",1.541461706161499,4.671413516903526,0.3547908663749695,0.1363835334777832,2.4083590507507324
rosenbrock,1.9287498479639176e-22,2,cholesky,5,score_function,8192,0.02,1000,1,rosenbrock,1000,-50.93385217609406,0.6487826645891139,0.0045875862164723,20000,0.9338521760940566,0.1022548675537109,1.0646806955337524,10.412029480890116,-2.353770112991333,0.8166710138320923,"[0.16113200783729553, 0.27333229780197144, 0.1185469999909401, 0.19492197036743164, 0.10225486755371094]","[0.5146647691726685, 0.32566559314727783, 0.9794321656227112, 0.42565223574638367, 1.0646806955337524]","[3.194056699723842, 1.1914640010205517, 8.261973442580276, 2.1837057923435776, 10.412029480890116]","[-2.4897708892822266, -2.4189512729644775, -2.1532280445098877, -2.489288568496704, -2.217611789703369]","[0.13906742632389069, 0.11638515442609787, 0.38842982053756714, 0.15300209820270538, 0.2031155675649643]",1.50298810005188,4.495100833547643,0.3884298205375671,0.1163851544260978,4.850276947021484
rosenbrock,1.9287498479639176e-22,2,cholesky,5,score_function,8192,0.02,1000,2,rosenbrock,50,-51.51241056404114,0.7358320798269598,0.0052031185346024,20000,1.51241056404114,0.1493951082229614,0.6335703134536743,4.2409040094413015,-2.539052438735962,0.5474963784217834,"[0.14939510822296143, 0.17126044631004333, 0.18025638163089752, 0.20989668369293213, 0.177273228764534]","[0.6335703134536743, 0.49540865421295166, 0.3251858055591583, 0.3879680335521698, 0.4511271119117737]","[4.2409040094413015, 2.892720793895882, 1.8040182689621826, 1.8483761950224367, 2.54481240656473]","[-2.3575448989868164, -2.466942071914673, -2.836733818054199, -2.507972240447998, -2.526069164276123]","[0.28645676374435425, 0.10842196643352509, 0.1645732969045639, 0.2076192945241928, 0.23292867839336395]",1.561728835105896,4.767055578220239,0.2864567637443542,0.108421966433525,0.2699172496795654
rosenbrock,1.9287498479639176e-22,2,cholesky,5,score_function,8192,0.02,1000,2,rosenbrock,100,-51.33932031917572,0.8146169038424881,0.0057602113677621,20000,1.3393203191757197,0.1126158460974693,0.7645838260650635,6.789309431670158,-2.494128465652466,0.6271356344223022,"[0.11261584609746933, 0.23029083013534546, 0.20791004598140717, 0.23479487001895905, 0.18381008505821228]","[0.7645838260650635, 0.4101766049861908, 0.34765806794166565, 0.32755032181739807, 0.46177753806114197]","[6.789309431670158, 1.781124349350444, 1.672156178411676, 1.3950488858251002, 2.512253546452024]","[-2.4521963596343994, -2.3595798015594482, -2.627185583114624, -2.5651564598083496, -2.466524124145508]","[0.2995593249797821, 0.10077974945306778, 0.14052747189998627, 0.19586649537086487, 0.2632668912410736]",1.5388152599334717,4.659067216338232,0.2995593249797821,0.1007797494530677,0.5168001651763916
rosenbrock,1.9287498479639176e-22,2,cholesky,5,score_function,8192,0.02,1000,2,rosenbrock,250,-51.092126190185546,0.7088752272623154,0.0050125048021233,20000,1.092126190185546,0.1255130469799041,0.8700222969055176,6.800359619010703,-2.4603281021118164,0.8253964185714722,"[0.12551304697990417, 0.24029289186000824, 0.27496814727783203, 0.20257239043712616, 0.1279376894235611]","[0.8376480340957642, 0.331844300031662, 0.29249107837677, 0.2989065647125244, 0.8700222969055176]","[6.6737925199910055, 1.380999235820053, 1.0637271308419318, 1.4755543145219396, 6.800359619010703]","[-2.252502679824829, -2.5289862155914307, -2.520421028137207, -2.8042821884155273, -2.195448398590088]","[0.3762207627296448, 0.08381102979183197, 0.10275935381650925, 0.16278159618377686, 0.27442723512649536]",1.4597424268722534,4.304850571706386,0.3762207627296448,0.0838110297918319,1.2552242279052734
rosenbrock,1.9287498479639176e-22,2,cholesky,5,score_function,8192,0.02,1000,2,rosenbrock,500,-50.99424100952148,0.6550792125731383,0.004632109534248,20000,0.9942410095214812,0.0965657234191894,0.9902114868164062,10.254275034195336,-2.4756468772888183,0.9455854296684264,"[0.11614896357059479, 0.16531041264533997, 0.2363414317369461, 0.18022452294826508, 0.09656572341918945]","[0.9383103251457214, 0.4280514419078827, 0.31257423758506775, 0.4287313222885132, 0.9902114868164062]","[8.078507946180862, 2.589379791980994, 1.3225537109082535, 2.378873392338422, 10.254275034195336]","[-2.2165563106536865, -2.648442268371582, -2.605391025543213, -2.560476779937744, -2.347368001937866]","[0.40626487135887146, 0.08159954845905304, 0.0764417052268982, 0.14644072949886322, 0.28925320506095886]",1.4071122407913208,4.08414433310706,0.4062648713588714,0.0764417052268982,2.489013195037842
rosenbrock,1.9287498479639176e-22,2,cholesky,5,score_function,8192,0.02,1000,2,rosenbrock,1000,-50.925490147781375,0.5382017866641351,0.0038056613299692,20000,0.9254901477813746,0.1141596883535385,1.0055491924285889,8.66926332875876,-2.448802423477173,0.9087943434715272,"[0.11599015444517136, 0.157083660364151, 0.23304274678230286, 0.1800929754972458, 0.11415968835353851]","[1.0055491924285889, 0.4409202039241791, 0.3578135073184967, 0.3740730881690979, 0.9292212128639221]","[8.66926332875876, 2.806913226379108, 1.5353986007243066, 2.077110931929817, 8.139661436235166]","[-2.1487159729003906, -2.669867992401123, -2.48427677154541, -2.6975860595703125, -2.243565320968628]","[0.322155237197876, 0.10415007174015045, 0.09357400238513947, 0.19449634850025177, 0.2856244146823883]",1.49853515625,4.475128902097709,0.322155237197876,0.0935740023851394,5.081089019775391
rosenbrock,1.9287498479639176e-22,2,cholesky,5,score_function,8192,0.02,1000,3,rosenbrock,50,-51.54059937114715,0.7475916432552051,0.0052862712050414,20000,1.5405993711471524,0.1377287060022354,0.6039764285087585,4.170898260232817,-2.416273593902588,0.417927622795105,"[0.18588949739933014, 0.1377287060022354, 0.27818194031715393, 0.14480727910995483, 0.26806849241256714]","[0.5217113494873047, 0.5101541876792908, 0.3484952747821808, 0.6039764285087585, 0.3657088875770569]","[2.806567109956502, 3.7040512648903468, 1.252760241678029, 4.170898260232817, 1.3642367451905448]","[-2.3332436084747314, -2.6555118560791016, -2.3336105346679688, -2.4365715980529785, -2.322430372238159]","[0.15151531994342804, 0.2295399159193039, 0.20848499238491058, 0.20397233963012695, 0.2064874768257141]",1.6006163358688354,4.956086096885052,0.2295399159193039,0.151515319943428,0.2531728744506836
rosenbrock,1.9287498479639176e-22,2,cholesky,5,score_function,8192,0.02,1000,3,rosenbrock,100,-51.34626037769318,0.7196363978570602,0.0050885977691338,20000,1.3462603776931772,0.1367920488119125,0.7089372873306274,4.742788938381969,-2.2938426971435546,0.5377033352851868,"[0.15870600938796997, 0.16257505118846893, 0.2555387616157532, 0.13679204881191254, 0.2640618681907654]","[0.7089372873306274, 0.609645426273346, 0.3763817846775055, 0.6487758159637451, 0.4156281054019928]","[4.4669845210307795, 3.7499322424730486, 1.4728950797823024, 4.742788938381969, 1.573980023127504]","[-2.184689998626709, -2.311493396759033, -2.3415324687957764, -2.421961545944214, -2.209536075592041]","[0.15646588802337646, 0.32906386256217957, 0.14698225259780884, 0.21719634532928467, 0.15029162168502808]",1.5542950630187988,4.731749763800071,0.3290638625621795,0.1469822525978088,0.4910635948181152
rosenbrock,1.9287498479639176e-22,2,cholesky,5,score_function,8192,0.02,1000,3,rosenbrock,250,-51.19915321731568,0.810348778458268,0.0057300311637407,20000,1.1991532173156756,0.1066442504525184,0.7971308827400208,7.474672843192139,-2.380791711807251,0.6441689133644104,"[0.12442830950021744, 0.10664425045251846, 0.2737506031990051, 0.16785503923892975, 0.25495409965515137]","[0.7788877487182617, 0.7971308827400208, 0.29934775829315186, 0.601129949092865, 0.3894210755825043]","[6.259731019787749, 7.474672843192139, 1.0935053833490138, 3.581244577573862, 1.5274164098919443]","[-2.333914041519165, -2.4649930000305176, -2.5016870498657227, -2.2935986518859863, -2.3097658157348633]","[0.2350512444972992, 0.31708189845085144, 0.12740540504455566, 0.1927400678396225, 0.12772136926651]",1.547213435173035,4.698359640667681,0.3170818984508514,0.1274054050445556,1.175306797027588
rosenbrock,1.9287498479639176e-22,2,cholesky,5,score_function,8192,0.02,1000,3,rosenbrock,500,-50.99346628017425,0.4999910149709922,0.0035354703721833,20000,0.9934662801742532,0.1162788644433021,0.871318519115448,7.493352496061783,-2.377280521392822,0.7676588892936707,"[0.11627886444330215, 0.1277644783258438, 0.2421281337738037, 0.16110405325889587, 0.20143872499465942]","[0.871318519115448, 0.8186883926391602, 0.3195728361606598, 0.6100471615791321, 0.4240005612373352]","[7.493352496061783, 6.407793491327224, 1.3198500776419686, 3.7866655074083084, 2.1048612239209534]","[-2.2895116806030273, -2.2576184272766113, -2.55905818939209, -2.3199238777160645, -2.4602904319763184]","[0.28582963347435, 0.28511765599250793, 0.12654030323028564, 0.16384875774383545, 0.138663649559021]",1.5476555824279783,4.700437466804252,0.28582963347435,0.1265403032302856,2.331256628036499
rosenbrock,1.9287498479639176e-22,2,cholesky,5,score_function,8192,0.02,1000,3,rosenbrock,1000,-50.901438679504395,0.5267834343507004,0.0037249213864611,20000,0.9014386795043948,0.0981521382927894,1.04985249042511,10.696175434236414,-2.424308919906616,0.8079506158828735,"[0.09815213829278946, 0.11155223846435547, 0.23614664375782013, 0.12688367068767548, 0.2104044109582901]","[1.0498524904251099, 0.9663622975349426, 0.35284197330474854, 0.5533829927444458, 0.39791038632392883]","[10.696175434236414, 8.662867826213335, 1.4941646753472606, 4.361341295891412, 1.8911694128066987]","[-2.2725868225097656, -2.2274787425994873, -2.485037326812744, -2.656189441680908, -2.480252265930176]","[0.30772772431373596, 0.27063533663749695, 0.12499106675386429, 0.1467663198709488, 0.1498795449733734]",1.5423974990844729,4.675787038649116,0.3077277243137359,0.1249910667538642,4.771044731140137
rosenbrock,1.9287498479639176e-22,2,cholesky,5,score_function,8192,0.02,1000,4,rosenbrock,50,-51.36042056522369,0.7520114104344431,0.0053175236784785,20000,1.3604205652236914,0.174783706665039,0.6793798208236694,3.438993486397044,-2.3754905700683593,0.5628589391708374,"[0.17478370666503906, 0.18800196051597595, 0.21480469405651093, 0.1975519359111786, 0.21515613794326782]","[0.5365279912948608, 0.40962108969688416, 0.39157387614250183, 0.6793798208236694, 0.3959539830684662]","[3.0696682289904733, 2.1788128622311658, 1.822929791466691, 3.438993486397044, 1.8403099574731676]","[-2.366842746734619, -2.5638256072998047, -2.47560715675354, -2.008328676223755, -2.462848663330078]","[0.26445817947387695, 0.24151422083377838, 0.1355714201927185, 0.1773708611726761, 0.18108533322811127]",1.5820062160491943,4.864705678403872,0.2644581794738769,0.1355714201927185,0.2677550315856933
rosenbrock,1.9287498479639176e-22,2,cholesky,5,score_function,8192,0.02,1000,4,rosenbrock,100,-51.188979837608336,0.5994487672965925,0.0042387428832933,20000,1.1889798376083365,0.1285192966461181,0.6947298645973206,5.405646332708158,-2.4017805576324465,0.7219284772872925,"[0.13133308291435242, 0.25850144028663635, 0.22312188148498535, 0.12851929664611816, 0.20362932980060577]","[0.6663684248924255, 0.36913788318634033, 0.4001601040363312, 0.6947298645973206, 0.44922006130218506]","[5.073880930115615, 1.4279915917568042, 1.7934597062962618, 5.405646332708158, 2.206067572594096]","[-2.4359312057495117, -2.3494391441345215, -2.4159276485443115, -2.4159083366394043, -2.3916964530944824]","[0.3318532407283783, 0.15854988992214203, 0.11621906608343124, 0.2511049807071686, 0.14227285981178284]",1.5326210260391235,4.630297060796043,0.3318532407283783,0.1162190660834312,0.5134658813476562
rosenbrock,1.9287498479639176e-22,2,cholesky,5,score_function,8192,0.02,1000,4,rosenbrock,250,-51.09334854907989,1.0565851468364458,0.0074711852222903,20000,1.0933485490798915,0.1151867657899856,0.9387357234954834,8.14968383787278,-2.247881555557251,0.8546968102455139,"[0.11518676578998566, 0.23557285964488983, 0.2932890057563782, 0.14851945638656616, 0.2484656572341919]","[0.9387357234954834, 0.36890608072280884, 0.3466460406780243, 0.8783570528030396, 0.4245193600654602]","[8.14968383787278, 1.5659956808221025, 1.1819264748231557, 5.914087448023332, 1.7085635286221004]","[-2.224421739578247, -2.44294810295105, -2.28604793548584, -2.0367414951324463, -2.249248504638672]","[0.36456501483917236, 0.16315443813800812, 0.10164773464202881, 0.25055623054504395, 0.12007658928632736]",1.4973695278167725,4.4699156035818275,0.3645650148391723,0.1016477346420288,1.2561509609222412
rosenbrock,1.9287498479639176e-22,2,cholesky,5,score_function,8192,0.02,1000,4,rosenbrock,500,-51.01388500404358,0.7710519295081043,0.0054521604800215,20000,1.0138850040435798,0.1170405223965644,1.0583295822143557,9.042420185279529,-2.3279406070709228,0.8965868353843689,"[0.11704052239656448, 0.25286683440208435, 0.2212144285440445, 0.131117045879364, 0.16640229523181915]","[1.0583295822143555, 0.3563287854194641, 0.4109530448913574, 0.825243353843689, 0.4822086691856384]","[9.042420185279529, 1.4091558755106042, 1.8577135659554656, 6.293944073472836, 2.89784866557196]","[-2.088543176651001, -2.4067935943603516, -2.3978991508483887, -2.2237417697906494, -2.5227253437042236]","[0.3108789324760437, 0.20032759010791779, 0.09899856895208359, 0.2682740092277527, 0.12152080982923508]",1.5233583450317385,4.587606117676524,0.3108789324760437,0.0989985689520835,2.4964869022369385
rosenbrock,1.9287498479639176e-22,2,cholesky,5,score_function,8192,0.02,1000,4,rosenbrock,1000,-50.907223433303834,0.5167280885647881,0.0036538193545372,20000,0.9072234333038338,0.1086484342813491,1.0409191846847534,9.560753433024164,-2.412846565246582,0.9370565414428712,"[0.10887417942285538, 0.17555862665176392, 0.25941818952560425, 0.10864843428134918, 0.19816860556602478]","[1.0409191846847534, 0.40489378571510315, 0.3403146266937256, 0.9345037341117859, 0.4026656448841095]","[9.560753433024164, 2.3063166614890753, 1.3118379529055226, 8.601170742063834, 2.0319345929390993]","[-2.1774582862854004, -2.6439127922058105, -2.4271984100341797, -2.2873775959014893, -2.5282857418060303]","[0.332633912563324, 0.20005768537521362, 0.09165437519550323, 0.2637587785720825, 0.11189530044794083]",1.5036752223968506,4.498190579168333,0.332633912563324,0.0916543751955032,5.009846925735474
rosenbrock,1.9287498479639176e-22,2,cholesky,5,score_function,8192,0.02,1000,5,rosenbrock,50,-51.48793565998077,0.731357885661987,0.0051714812042584,20000,1.4879356599807707,0.1339187771081924,0.6033780574798584,4.505552324394298,-2.4776851654052736,0.5108432769775391,"[0.20383921265602112, 0.2259095460176468, 0.13391877710819244, 0.2009156197309494, 0.24240177869796753]","[0.4567071497440338, 0.30464085936546326, 0.6033780574798584, 0.49344414472579956, 0.33489474654197693]","[2.240526460994174, 1.348508129628424, 4.505552324394298, 2.4559770185443104, 1.3815688496215845]","[-2.3741366863250732, -2.6762423515319824, -2.515733242034912, -2.311215877532959, -2.5110976696014404]","[0.2519418001174927, 0.1027582436800003, 0.28639113903045654, 0.25893479585647583, 0.099974125623703]",1.5193244218826294,4.569137343012738,0.2863911390304565,0.099974125623703,0.2737751007080078
rosenbrock,1.9287498479639176e-22,2,cholesky,5,score_function,8192,0.02,1000,5,rosenbrock,100,-51.30448625526428,0.826388485992133,0.0058434490233952,20000,1.3044862552642795,0.1741649657487869,0.7222718596458435,4.147055962377865,-2.277100849151611,0.611914336681366,"[0.22666770219802856, 0.2563110291957855, 0.17416496574878693, 0.1771189272403717, 0.21669530868530273]","[0.5313754677772522, 0.3876122534275055, 0.7222718596458435, 0.6423918008804321, 0.30605998635292053]","[2.3442928243610783, 1.5122730170593803, 4.147055962377865, 3.626895278157535, 1.4123978419735808]","[-2.1165566444396973, -2.3091135025024414, -2.073106050491333, -2.1734907627105713, -2.7132372856140137]","[0.19073115289211273, 0.11010294407606125, 0.3847741484642029, 0.2124021351337433, 0.10198956727981567]",1.4883419275283811,4.429744588941151,0.3847741484642029,0.1019895672798156,0.5153331756591797
rosenbrock,1.9287498479639176e-22,2,cholesky,5,score_function,8192,0.02,1000,5,rosenbrock,250,-51.19345303459168,0.6568240034956695,0.0046444470691788,20000,1.193453034591677,0.1044681146740913,0.861725389957428,8.248692844182633,-2.5683977603912354,0.7554734945297241,"[0.21078276634216309, 0.13412848114967346, 0.14005215466022491, 0.10446811467409134, 0.15581123530864716]","[0.48208534717559814, 0.41418853402137756, 0.6957560777664185, 0.861725389957428, 0.3430984914302826]","[2.287119367211598, 3.087998391327388, 4.967835585638545, 8.248692844182633, 2.2020138069673685]","[-2.2865612506866455, -2.8903911113739014, -2.3284964561462402, -2.4076921939849854, -2.9288477897644043]","[0.12909375131130219, 0.13364259898662567, 0.40370821952819824, 0.2056221216917038, 0.1279333084821701]",1.4877368211746216,4.427064933164982,0.4037082195281982,0.1279333084821701,1.2303752899169922
rosenbrock,1.9287498479639176e-22,2,cholesky,5,score_function,8192,0.02,1000,5,rosenbrock,500,-51.03362295036316,0.5194713955194112,0.0036732174640421,20000,1.03362295036316,0.1051292866468429,0.8946138620376587,8.509654070448542,-2.5368268966674803,0.9573063850402832,"[0.16485686600208282, 0.2506520748138428, 0.10512928664684296, 0.10779720544815063, 0.25206685066223145]","[0.377433180809021, 0.30770134925842285, 0.8946138620376587, 0.8144203424453735, 0.3103639483451843]","[2.289459880938489, 1.227603439895521, 8.509654070448542, 7.555115543668722, 1.231276336137792]","[-2.7770392894744873, -2.562314987182617, -2.3639276027679443, -2.4327821731567383, -2.5480704307556152]","[0.118243508040905, 0.10816403478384018, 0.3747693598270416, 0.28509166836738586, 0.11373139917850494]",1.4658513069152832,4.331228876368575,0.3747693598270416,0.1081640347838401,2.4156510829925537
rosenbrock,1.9287498479639176e-22,2,cholesky,5,score_function,8192,0.02,1000,5,rosenbrock,1000,-50.96291195468903,0.6034675347382839,0.0042671598603936,20000,0.9629119546890266,0.1149916425347328,0.9462243914604188,8.043628611357152,-2.4286266326904298,0.8862801790237427,"[0.18647025525569916, 0.230876162648201, 0.11763650923967361, 0.11499164253473282, 0.1775117963552475]","[0.38945063948631287, 0.41302797198295593, 0.9462243914604187, 0.9132775068283081, 0.3705537021160126]","[2.0885402819461736, 1.7889589260555665, 8.043628611357152, 7.942120720229349, 2.0874877598243544]","[-2.6225016117095947, -2.350113868713379, -2.1954312324523926, -2.2536113262176514, -2.721475124359131]","[0.11564215272665024, 0.11748696863651276, 0.36084598302841187, 0.2824251651763916, 0.12359979748725891]",1.484364032745361,4.4121585319824295,0.3608459830284118,0.1156421527266502,4.772812128067017
