step,solver,setting,bias,variance,bias_rms_sampling_error,replicates,mc,dm_samples_per_component
50,dopri5,0.01,0.24608736021983998,0.13405725026002735,0.037969935281728956,5000,1024,20000
50,dopri5,0.001,0.04670732032271859,0.10755749762186259,0.03790007961431021,5000,1024,20000
50,dopri5,0.0001,0.046736709042624294,0.10640473537854316,0.03789703790960962,5000,1024,20000
50,dopri5,1e-05,0.047260106259937866,0.10569780639031401,0.03789517246991683,5000,1024,20000
50,dopri5,1e-06,0.04909186662729962,0.10682135727107385,0.0378981372457921,5000,1024,20000
50,rk4,2.0,0.04853732729669218,0.1054674928844688,0.03789456470027824,5000,1024,20000
50,rk4,8.0,0.04695154772325426,0.10482610508009525,0.03789287210363842,5000,1024,20000
50,rk4,32.0,0.04597693321457776,0.10683612366588495,0.03789817620915097,5000,1024,20000
50,rk4,128.0,0.04559791025792571,0.10645390087186185,0.03789716764378378,5000,1024,20000
250,dopri5,0.01,3.5468336276588976,68045.75313969325,3.689238296956314,5000,1024,20000
250,dopri5,0.001,0.04979726551102963,0.8863457127691294,0.0388053209370439,5000,1024,20000
250,dopri5,0.0001,0.05813878909765025,2.1336347234335156,0.04189642866832273,5000,1024,20000
250,dopri5,1e-05,0.03181638523356983,5.176710005759267,0.04862021998741887,5000,1024,20000
250,dopri5,1e-06,0.06290820739468908,7.914928987839566,0.053958962073422656,5000,1024,20000
250,rk4,2.0,0.7377966723663337,3.3569331460080893,0.04472102883068288,5000,1024,20000
250,rk4,8.0,0.04250690707900242,1.226853807917999,0.03967309607349483,5000,1024,20000
250,rk4,32.0,0.038023793928782045,1.075621122723056,0.039290049822032075,5000,1024,20000
250,rk4,128.0,0.030018842382638695,6.398346216155188,0.05107105867028986,5000,1024,20000
1000,dopri5,0.01,8.493714902051217,976625.4417351112,13.975963075828577,5000,1024,20000
1000,dopri5,0.001,1.8876154468575388,17412.658601347557,1.8668120607525183,5000,1024,20000
1000,dopri5,0.0001,0.3872056332390783,561.4765063984304,0.3387489500813816,5000,1024,20000
1000,dopri5,1e-05,0.19723799175313575,171.5212042827823,0.19172842970751294,5000,1024,20000
1000,dopri5,1e-06,0.8600878502607269,2112.383745699126,0.6518683141872885,5000,1024,20000
1000,rk4,2.0,2.228353452247576,360.91717966659985,0.2732013649945261,5000,1024,20000
1000,rk4,8.0,0.6502233525347306,2837.705228633681,0.7549811889234649,5000,1024,20000
1000,rk4,32.0,0.07511542331715246,20.971709417119197,0.08154686863991847,5000,1024,20000
1000,rk4,128.0,0.10638032622535816,49.84189334513908,0.11146267792664995,5000,1024,20000
