regime,step,log_variance_log_M_slope
banana,50,-1.0038446076801135
banana,250,-0.7020199146856014
banana,1000,0.0647509679528314
funnel,50,-0.9980634612698885
funnel,250,-1.0642155270308478
funnel,1000,-0.9400876700960709
hier_k5,50,-0.9988226788945961
hier_k5,250,-1.0038193547283323
hier_k5,1000,-0.9933476638411947
hier_k50,50,-1.0012793554808757
hier_k50,250,-1.0045471070544096
hier_k50,1000,-1.007992518688068
rosenbrock_extreme,50,-1.0024352022127723
rosenbrock_extreme,250,-0.7768935164581326
rosenbrock_extreme,1000,0.8461730016053615
