regime,step,M,replicates,variance,variance_bootstrap_lo,variance_bootstrap_hi,M_times_variance,bias,bias_rms_sampling_error,bias_squared_corrected,reference_rms_se,otr_mean_rms_se,reference_gradient_norm,dm_reference_samples_per_component,reference_to_otr_se_ratio,nfe_mean,elapsed_s,largest_draw_variance_fraction,variance_first_half,variance_second_half,parameter_count,variance_per_parameter,bootstrap_resamples
hier_k5,250,4096,5000,1.011106700457725,0.9887757044841793,1.029851524955176,4141.493045074842,0.3625915001751473,0.389995305646706,-0.0206237424272037,0.3897359581644681,0.0142204549889075,4.199007417309852,20000,27.406715078278182,58.4288,709.7016837596893,0.0019548676971086,1.020853039825405,1.0013510704906552,30,0.0337035566819241,200.0
hier_k5,1000,256,5000,2.191620003209921,2.1239763707684127,2.2663760265410313,561.0547208217398,0.1002607397010381,0.0956620721035291,0.0009009838862585,0.0933429592336712,0.0209361887802432,0.1957532426467377,20000,4.458450399614072,130.2416,397.0284821987152,0.0052652648783296,2.0889641805671166,2.2943667769365224,30,0.0730540001069973,200.0
hier_k5,250,256,5000,16.415126948998367,16.03929069129727,16.732036107625703,4202.272498943582,0.4115269342923237,0.3939253006296698,0.0141772751718627,0.3897359581644681,0.0572976909639443,4.199007417309852,20000,6.801948762816928,62.2364,154.6212861537933,0.0029136929291579,16.348877212851825,16.480006821271196,30,0.5471708982999456,200.0
hier_k5,1000,16384,5000,0.0352658281743188,0.034733380133346835,0.03587380784395597,577.7953288080404,0.0902378894996114,0.093380732510158,-0.0005770845027895,0.0933429592336712,0.0026557796660987,0.1957532426467377,20000,35.147102158059546,142.8236,9809.197656154633,0.0013164082669495,0.034980264468742,0.0355474546278399,30,0.0011755276058106,200.0
hier_k5,50,4096,5000,0.2745833274940842,0.2704809361966809,0.2792063420454363,1124.693309415769,0.1952244371306659,0.210216627059952,-0.0060784494394776,0.2100859672299988,0.0074105779463424,16.180584662846353,20000,28.349471357181915,56.0,3105.39471411705,0.0010103614342154,0.2756125274486763,0.2735544151373891,30,0.0091527775831361,200.0
hier_k5,250,1024,5000,4.0510992936049,3.9712890245614707,4.14194138932898,4148.325676651418,0.3505862906373995,0.3907740228637224,-0.0297935897622059,0.3897359581644681,0.0284643612034589,4.199007417309852,20000,13.692067613205658,60.3032,273.4246950149536,0.0018547358473789,4.072432841343325,4.03086769682035,30,0.1350366431201633,200.0
hier_k5,50,16384,5000,0.0682236534656768,0.06715224479369078,0.06924787130634621,1117.7763383816496,0.1973441077204641,0.2101184388806876,-0.0052050615056711,0.2100859672299988,0.0036938774604926,16.180584662846353,20000,56.87410301964423,56.0,91977.11407208444,0.0009385241129264,0.0684201214138364,0.0680249041259102,30,0.0022741217821892,200.0
hier_k5,250,16384,5000,0.2521378076397426,0.24664250963074064,0.25709012209567417,4131.025840369543,0.3678807198416017,0.389800647315912,-0.0166083206167289,0.3897359581644681,0.0071012366196281,4.199007417309852,20000,54.88282943385059,56.9612,3206.995014190674,0.0014050740614355,0.2504232443369366,0.2538622224795168,30,0.0084045935879914,200.0
hier_k5,50,1024,5000,1.0947015573912902,1.0756258170377506,1.1129321554181317,1120.9743947686811,0.1981120443660711,0.2106063957681304,-0.0051066718155382,0.2100859672299988,0.0147966317612576,16.180584662846353,20000,14.198229071299313,55.994,7470.999877929687,0.0009266080486694,1.0946333082309132,1.0950397080491905,30,0.036490051913043,200.0
hier_k5,50,256,5000,4.347420943914853,4.27987436329629,4.413673645025028,1112.9397616422025,0.2023827481884259,0.212145228123913,-0.0040468210514472,0.2100859672299988,0.0294870172920722,16.180584662846353,20000,7.124693730433064,55.886,3285.923999071121,0.0010628910227579,4.33365035839891,4.359998902383492,30,0.1449140314638284,200.0
hier_k5,1000,4096,5000,0.13711283592262,0.13430172870067292,0.13946680293670496,561.6141759390516,0.0903428176466922,0.0934897352958245,-0.0005785059053398,0.0933429592336712,0.0052366561071473,0.1957532426467377,20000,17.8249167643966,144.2408,2166.614023208618,0.0017589443001237,0.1365992123467194,0.1376476252293588,30,0.0045704278640873,200.0
hier_k5,1000,1024,5000,0.5462525368034122,0.5332491306799009,0.5610233432481868,559.3625976866941,0.0892143393488943,0.0939263463883244,-0.0008629602003998,0.0933429592336712,0.0104522967505081,0.1957532426467377,20000,8.930377835774097,145.5356,1020.0024690628052,0.0022700957984537,0.5448307298429839,0.5477336200595451,30,0.018208417893447,200.0
rosenbrock_extreme,250,4096,5000,6.22523477078972,0.23168989038863205,17.866737528131445,25498.56162115469,0.0467074337847648,0.0501370343357083,-0.0003321378412218,0.0356184679319879,0.0352852228866128,0.2591190207607522,20000,1.0094443230937225,138.29,3120.3046720027924,0.9280596583876362,0.3965484759021849,12.054850337947704,30,0.2075078256929906,200.0
rosenbrock_extreme,1000,256,5000,45.75654255084278,9.560558329847503,96.37607243127891,11713.674893015752,0.0918493820350052,0.1063135991995863,-0.0028662723945579,0.0463818160985717,0.0956624717962511,0.1775093393388279,20000,0.4848486060171968,173.4908,692.8551471233368,0.5525912874498973,77.65441180826242,13.869870031222115,30,1.5252180850280928,200.0
rosenbrock_extreme,250,256,5000,10.724699891113056,0.6017158225799571,31.105908365084545,2745.5231721249424,0.0699610119866843,0.0584261519873135,0.0014809279621563,0.0356184679319879,0.0463134967177237,0.2591190207607522,20000,0.7690731742644925,131.1164,728.4866423606873,0.907858778332272,20.13789388741819,1.3121293051880851,30,0.3574899963704352,200.0
rosenbrock_extreme,1000,16384,5000,769.7722740478806,9.69043369725033,2275.518749741451,12611948.938000476,0.3328482775781999,0.3951021737148226,-0.0453177517874034,0.0463818160985717,0.3923703031698196,0.1775093393388279,20000,0.1182092929150592,190.6724,34889.67734193802,0.9697352286543336,1516.7285385631103,22.825004726230723,30,25.65907580159602,200.0
rosenbrock_extreme,50,4096,5000,0.0259570563457856,0.025406522059150803,0.026508577552001717,106.32010279233786,0.0573210887929566,0.0395477116788159,0.0017216857213792,0.0394820223362684,0.002278466868128,1.3177516927571515,20000,17.328328486385534,80.5304,1988.2712547779083,0.0014581206147811,0.0263847194320617,0.0255315826493648,30,0.0008652352115261,200.0
rosenbrock_extreme,250,1024,5000,1.2559339606567743,0.27201341864203693,3.1909372543993277,1286.0763757125371,0.0257817632136384,0.0389854081670746,-0.0008551627355492,0.0356184679319879,0.0158488735287828,0.2591190207607522,20000,2.2473816746219755,135.4544,2309.1584510803223,0.7479359271673728,2.2137774175921274,0.2978902969802,30,0.0418644653552258,200.0
rosenbrock_extreme,50,16384,5000,0.0065107650211661,0.006388738010827442,0.006643069298730943,106.67237410678592,0.0584419836276195,0.0394985093486556,0.0018553332095651,0.0394820223362684,0.0011411191893195,1.3177516927571515,20000,34.59938515258237,80.228,7355.923541069031,0.0012622629248806,0.0065927421609061,0.0064295029620586,30,0.0002170255007055,200.0
rosenbrock_extreme,250,16384,5000,0.1735936462506412,0.07451515932007372,0.3133853453859363,2844.1583001705053,0.0241366714904683,0.0361025482074629,-0.0007208150764333,0.0356184679319879,0.005892260113923,0.2591190207607522,20000,6.044958512239446,139.8728,14590.226018190384,0.314631138551501,0.1070462710500393,0.2402011015448777,30,0.0057864548750213,200.0
rosenbrock_extreme,50,1024,5000,0.1034297789070159,0.10090457419958924,0.10559590569766376,105.91209360078436,0.0588162070272872,0.0397431257394659,0.0018798301655337,0.0394820223362684,0.0045481815906363,1.3177516927571515,20000,8.68083684643396,80.954,700.2312409877777,0.0018212482224689,0.1011738896556827,0.1057015172277241,30,0.0034476592969005,200.0
rosenbrock_extreme,50,256,5000,0.4219448915271713,0.40854906388397466,0.43346382702647235,108.01789223095588,0.0593359811597431,0.0405366385639835,0.0018775395941223,0.0394820223362684,0.0091863473864988,1.3177516927571515,20000,4.297902166675633,81.0968,167.3287341594696,0.0039797597683883,0.4184091092043795,0.4255701273020197,30,0.0140648297175723,200.0
rosenbrock_extreme,1000,4096,5000,416.02381862970776,7.559882685179415,1288.493447281411,1704033.561107283,0.2819851227946678,0.2921575543958145,-0.0058404271130194,0.0463818160985717,0.2884523595430301,0.1775093393388279,20000,0.1607954123587356,188.7404,4990.021202802658,0.769430819118969,655.9943342982853,176.1770297236415,30,13.86746062099026,200.0
rosenbrock_extreme,1000,1024,5000,15.93588865008218,5.486543556369098,28.7244102256888,16318.349977684153,0.1067820969988892,0.0730647014270103,0.006063965644862,0.0463818160985717,0.0564550948100916,0.1775093393388279,20000,0.8215700682922387,183.7388,922.1764008998872,0.3624335211936324,17.34788592220363,14.527576856823025,30,0.5311962883360727,200.0
