regime,step,M,replicates,variance,variance_bootstrap_lo,variance_bootstrap_hi,M_times_variance,bias,bias_rms_sampling_error,bias_squared_corrected,reference_rms_se,otr_mean_rms_se,reference_gradient_norm,dm_reference_samples_per_component,reference_to_otr_se_ratio,nfe_mean,elapsed_s,largest_draw_variance_fraction,variance_first_half,variance_second_half,parameter_count,variance_per_parameter
hier_k5,250,4096,5000,1.011106700457725,0.9887757044841793,1.029851524955176,4141.493045074842,0.3625915001751473,0.389995305646706,-0.020623742427203773,0.38973595816446815,0.014220454988907527,4.199007417309852,20000,27.406715078278182,58.4288,709.7016837596893,0.0019548676971086285,1.020853039825405,1.0013510704906552,30,0.033703556681924166
hier_k5,1000,256,5000,2.191620003209921,2.1239763707684127,2.2663760265410313,561.0547208217398,0.1002607397010381,0.0956620721035291,0.0009009838862585173,0.09334295923367127,0.02093618878024327,0.19575324264673777,20000,4.458450399614072,130.2416,397.0284821987152,0.005265264878329677,2.0889641805671166,2.2943667769365224,30,0.07305400010699738
hier_k5,250,256,5000,16.415126948998367,16.03929069129727,16.732036107625703,4202.272498943582,0.4115269342923237,0.3939253006296698,0.014177275171862763,0.38973595816446815,0.05729769096394438,4.199007417309852,20000,6.801948762816928,62.2364,154.62128615379333,0.002913692929157973,16.348877212851825,16.480006821271196,30,0.5471708982999456
hier_k5,1000,16384,5000,0.03526582817431887,0.034733380133346835,0.03587380784395597,577.7953288080404,0.09023788949961146,0.093380732510158,-0.0005770845027895898,0.09334295923367127,0.002655779666098785,0.19575324264673777,20000,35.147102158059546,142.8236,9809.197656154633,0.0013164082669495866,0.034980264468742,0.035547454627839974,30,0.001175527605810629
hier_k5,50,4096,5000,0.2745833274940842,0.2704809361966809,0.2792063420454363,1124.693309415769,0.19522443713066592,0.210216627059952,-0.006078449439477621,0.2100859672299988,0.007410577946342434,16.180584662846353,20000,28.349471357181915,56.0,3105.39471411705,0.001010361434215467,0.27561252744867637,0.27355441513738915,30,0.009152777583136141
hier_k5,250,1024,5000,4.0510992936049,3.9712890245614707,4.14194138932898,4148.325676651418,0.3505862906373995,0.3907740228637224,-0.029793589762205905,0.38973595816446815,0.028464361203458965,4.199007417309852,20000,13.692067613205658,60.3032,273.4246950149536,0.0018547358473789935,4.072432841343325,4.03086769682035,30,0.13503664312016334
hier_k5,50,16384,5000,0.06822365346567685,0.06715224479369078,0.06924787130634621,1117.7763383816496,0.1973441077204641,0.21011843888068765,-0.005205061505671134,0.2100859672299988,0.003693877460492615,16.180584662846353,20000,56.87410301964423,56.0,91977.11407208443,0.0009385241129264224,0.06842012141383644,0.06802490412591022,30,0.0022741217821892284
hier_k5,250,16384,5000,0.25213780763974264,0.24664250963074064,0.25709012209567417,4131.025840369543,0.36788071984160176,0.389800647315912,-0.016608320616728955,0.38973595816446815,0.007101236619628199,4.199007417309852,20000,54.88282943385059,56.9612,3206.995014190674,0.0014050740614355282,0.25042324433693663,0.25386222247951684,30,0.008404593587991421
hier_k5,50,1024,5000,1.0947015573912902,1.0756258170377506,1.1129321554181317,1120.9743947686811,0.1981120443660711,0.21060639576813045,-0.005106671815538276,0.2100859672299988,0.014796631761257627,16.180584662846353,20000,14.198229071299313,55.994,7470.9998779296875,0.0009266080486694398,1.0946333082309132,1.0950397080491905,30,0.036490051913043005
hier_k5,50,256,5000,4.347420943914853,4.27987436329629,4.413673645025028,1112.9397616422023,0.20238274818842594,0.21214522812391304,-0.004046821051447276,0.2100859672299988,0.029487017292072294,16.180584662846353,20000,7.124693730433064,55.886,3285.923999071121,0.0010628910227579594,4.33365035839891,4.3599989023834915,30,0.14491403146382842
hier_k5,1000,4096,5000,0.13711283592262002,0.13430172870067292,0.13946680293670496,561.6141759390516,0.09034281764669226,0.09348973529582454,-0.0005785059053398482,0.09334295923367127,0.005236656107147385,0.19575324264673777,20000,17.8249167643966,144.2408,2166.614023208618,0.0017589443001237769,0.1365992123467194,0.13764762522935883,30,0.004570427864087334
hier_k5,1000,1024,5000,0.5462525368034122,0.5332491306799009,0.5610233432481868,559.3625976866941,0.0892143393488943,0.0939263463883244,-0.0008629602003998281,0.09334295923367127,0.010452296750508112,0.19575324264673777,20000,8.930377835774097,145.5356,1020.0024690628052,0.0022700957984537235,0.5448307298429839,0.5477336200595451,30,0.018208417893447074
hier_k50,250,4096,5000,0.28408540040356334,0.2803957074358253,0.28828696983398994,1163.6138000529954,0.10619209897981911,0.11511018425501288,-0.001973592633483314,0.11486312480140135,0.007537710533093763,1.6572771752860962,20000,15.238463230592798,109.886,11987.277879714966,0.0009127897434186041,0.28488163973148517,0.28330337162047825,300,0.0009469513346785444
hier_k50,1000,256,5000,116.4828294092703,112.27900732566141,120.62132306954211,29819.604328773195,0.0970727364185029,0.15577670228522927,-0.014843264819084816,0.031141854360440622,0.15263212598222584,0.38997124120293036,20000,0.2040321076577753,172.9556,1846.444804906845,0.005984479490220682,117.80230341256228,115.19035566488873,300,0.38827609803090096
hier_k50,250,256,5000,4.6030335595596465,4.506704092365583,4.701786737939104,1178.3765912472695,0.10978277062305583,0.11880296356174888,-0.002061887425379742,0.11486312480140135,0.03034150147754605,1.6572771752860962,20000,3.785677016887406,103.2368,1664.8672420978546,0.0026435996971779377,4.661633688605629,4.543925733270465,300,0.015343445198532155
hier_k50,1000,16384,5000,1.7760181863416427,1.7222200447044154,1.8253647339673527,29098.281965021473,0.050633841868554796,0.03640080672561012,0.0012387672120945897,0.031141854360440622,0.01884684687867784,0.38997124120293036,20000,1.652364162605502,168.104,242317.47745895386,0.0022158657242667785,1.7251279749998694,1.8274702323014143,300,0.005920060621138809
hier_k50,50,4096,5000,0.03722027990322922,0.036732748177350484,0.037639975254055325,152.4542664836269,0.06461240233533334,0.06431430222588477,3.843306474054283e-05,0.06425640368727308,0.0027283797354191452,5.0709453837466185,20000,23.551121881280846,79.9088,26827.12323307991,0.0010106324579997566,0.03703504352650622,0.03740695595620189,300,0.00012406759967743074
hier_k50,250,1024,5000,1.140484360785436,1.1230034037400256,1.1576580871470055,1167.8559854442865,0.10831874751408396,0.11585177733336416,-0.0016886832482795183,0.11486312480140135,0.01510287628755156,1.6572771752860962,20000,7.605380764197643,108.1784,4008.2551441192627,0.001910590688232618,1.1415016792389923,1.1390596288122377,300,0.0038016145359514534
hier_k50,50,16384,5000,0.009295975541627515,0.009195059564084215,0.009412959130062525,152.3052632740252,0.06454956570079459,0.06427086906157506,3.590182223107193e-05,0.06425640368727308,0.001363523050162887,5.0709453837466185,20000,47.12527865194283,79.9844,165760.7648949623,0.0008001463520305892,0.009408793722249207,0.009183425831868496,300,3.098658513875838e-05
hier_k50,250,16384,5000,0.07051240685589161,0.06956960114434717,0.07119459019581671,1155.275273926928,0.10548986137500037,0.11492449660761399,-0.0020795290675966853,0.11486312480140135,0.0037553270658064286,1.6572771752860962,20000,30.586716626434598,109.9952,66586.52801728249,0.0008046419854802969,0.0702200909912834,0.07081394718916756,300,0.00023504135618630535
hier_k50,50,1024,5000,0.15028180302020822,0.14864914705488197,0.15247343207064265,153.8885662926932,0.06492740766310348,0.06448985792685423,5.662649042498507e-05,0.06425640368727308,0.005482368156558044,5.0709453837466185,20000,11.720556126900956,78.5252,2128.6938569545746,0.0007206192621808913,0.1495340272672437,0.15105505848945783,300,0.000500939343400694
hier_k50,50,256,5000,0.5966049494187253,0.5887074932947416,0.6034499037543497,152.73086705119368,0.06464406836739194,0.06517826635240881,-6.935082961750331e-05,0.06425640368727308,0.010923414753809592,5.0709453837466185,20000,5.882446573299192,76.6184,867.4745516777039,0.0008031059335507722,0.5982183123663203,0.5947123198164715,300,0.0019886831647290843
hier_k50,1000,4096,5000,7.19116489170139,7.004574609860447,7.386824072664122,29455.011396408892,0.04285134308112873,0.04907186639355765,-0.0005718104674905739,0.031141854360440622,0.03792404222047378,0.38997124120293036,20000,0.8211638986001417,170.4608,20336.70097208023,0.0018721745454359682,7.178741846742375,7.204615233631856,300,0.02397054963900463
hier_k50,1000,1024,5000,29.859010382748096,29.150182670237935,30.699182549513043,30575.62663193405,0.10090814705254716,0.0833163679570618,0.0032408369720219703,0.031141854360440622,0.07727743575293902,0.38997124120293036,20000,0.40298767754151615,172.3496,4909.207263946533,0.0023531378665465723,29.694669639890797,30.02004111233397,300,0.09953003460916032
rosenbrock_extreme,250,4096,5000,6.22523477078972,0.23168989038863205,17.866737528131445,25498.561621154695,0.046707433784764864,0.050137034335708375,-0.0003321378412218059,0.03561846793198798,0.03528522288661281,0.25911902076075227,20000,1.0094443230937225,138.29,3120.3046720027924,0.9280596583876362,0.3965484759021849,12.054850337947704,30,0.20750782569299067
rosenbrock_extreme,1000,256,5000,45.75654255084278,9.560558329847503,96.37607243127891,11713.674893015752,0.09184938203500523,0.10631359919958637,-0.00286627239455795,0.046381816098571796,0.09566247179625119,0.17750933933882798,20000,0.4848486060171968,173.4908,692.8551471233368,0.5525912874498973,77.65441180826242,13.869870031222115,30,1.5252180850280928
rosenbrock_extreme,250,256,5000,10.724699891113056,0.6017158225799571,31.105908365084545,2745.5231721249424,0.06996101198668431,0.05842615198731359,0.001480927962156318,0.03561846793198798,0.04631349671772378,0.25911902076075227,20000,0.7690731742644925,131.1164,728.4866423606873,0.907858778332272,20.13789388741819,1.3121293051880853,30,0.3574899963704352
rosenbrock_extreme,1000,16384,5000,769.7722740478806,9.69043369725033,2275.518749741451,12611948.938000476,0.33284827757819996,0.3951021737148226,-0.04531775178740341,0.046381816098571796,0.3923703031698196,0.17750933933882798,20000,0.11820929291505924,190.6724,34889.67734193802,0.9697352286543335,1516.7285385631105,22.825004726230723,30,25.65907580159602
rosenbrock_extreme,50,4096,5000,0.02595705634578561,0.025406522059150803,0.026508577552001717,106.32010279233786,0.0573210887929566,0.03954771167881598,0.001721685721379257,0.03948202233626845,0.0022784668681280233,1.3177516927571515,20000,17.328328486385534,80.5304,1988.2712547779083,0.0014581206147811895,0.02638471943206171,0.02553158264936486,30,0.0008652352115261871
rosenbrock_extreme,250,1024,5000,1.2559339606567745,0.27201341864203693,3.1909372543993277,1286.0763757125371,0.025781763213638426,0.03898540816707466,-0.000855162735549292,0.03561846793198798,0.015848873528782885,0.25911902076075227,20000,2.2473816746219755,135.4544,2309.1584510803223,0.7479359271673728,2.2137774175921274,0.2978902969802,30,0.04186446535522582
rosenbrock_extreme,50,16384,5000,0.006510765021166133,0.006388738010827442,0.006643069298730943,106.67237410678592,0.0584419836276195,0.039498509348655605,0.0018553332095651114,0.03948202233626845,0.0011411191893195148,1.3177516927571515,20000,34.59938515258237,80.228,7355.923541069031,0.0012622629248806934,0.006592742160906144,0.006429502962058641,30,0.00021702550070553777
rosenbrock_extreme,250,16384,5000,0.1735936462506412,0.07451515932007372,0.3133853453859363,2844.1583001705053,0.02413667149046837,0.03610254820746293,-0.0007208150764333959,0.03561846793198798,0.00589226011392303,0.25911902076075227,20000,6.044958512239446,139.8728,14590.226018190384,0.31463113855150104,0.10704627105003937,0.24020110154487773,30,0.005786454875021373
rosenbrock_extreme,50,1024,5000,0.10342977890701596,0.10090457419958924,0.10559590569766376,105.91209360078435,0.058816207027287244,0.03974312573946599,0.001879830165533709,0.03948202233626845,0.004548181590636327,1.3177516927571515,20000,8.68083684643396,80.954,700.2312409877777,0.0018212482224689434,0.1011738896556827,0.10570151722772415,30,0.003447659296900532
rosenbrock_extreme,50,256,5000,0.42194489152717135,0.40854906388397466,0.43346382702647235,108.01789223095587,0.059335981159743166,0.04053663856398351,0.0018775395941223606,0.03948202233626845,0.009186347386498851,1.3177516927571515,20000,4.297902166675633,81.0968,167.3287341594696,0.003979759768388352,0.4184091092043795,0.4255701273020197,30,0.01406482971757238
rosenbrock_extreme,1000,4096,5000,416.02381862970776,7.559882685179415,1288.493447281411,1704033.561107283,0.2819851227946678,0.2921575543958145,-0.0058404271130194085,0.046381816098571796,0.28845235954303017,0.17750933933882798,20000,0.1607954123587356,188.7404,4990.021202802658,0.769430819118969,655.9943342982853,176.1770297236415,30,13.86746062099026
rosenbrock_extreme,1000,1024,5000,15.93588865008218,5.486543556369098,28.7244102256888,16318.349977684153,0.10678209699888924,0.07306470142701037,0.006063965644862021,0.046381816098571796,0.05645509481009164,0.17750933933882798,20000,0.8215700682922387,183.7388,922.1764008998871,0.3624335211936324,17.34788592220363,14.527576856823025,30,0.5311962883360727
banana,250,4096,5000,0.05495809270075775,0.02882774774727929,0.101888406474086,225.10834770230375,0.026011286211426732,0.027926980046698052,-0.00010332920415591276,0.027729489645294945,0.0033153609969581816,0.09725159970426053,20000,8.363942771461852,95.2412,2631.9681010246277,0.36839788551482067,0.07056811110583457,0.039361472734497464,30,0.0018319364233585916
banana,1000,256,5000,0.764879963539854,0.3841018260728142,1.2837341128938389,195.80927066620262,0.03210307194371156,0.021272745145169504,0.0005780775422117874,0.017307619515790205,0.012368346401519114,0.08815129389580935,20000,1.3993478961475754,101.3396,347.1959557533264,0.18078790868830358,0.6118096309237882,0.9173321319631966,30,0.0254959987846618
banana,250,256,5000,0.7386103416255021,0.3623856362920243,1.362413622654043,189.08424745612854,0.023903669122179113,0.030276173211184074,-0.00034526126681100105,0.027729489645294945,0.012154096771257847,0.09725159970426053,20000,2.281493241922343,92.4404,395.09189915657043,0.35823035666893954,0.9774837590769041,0.49952614694770586,30,0.02462034472085007
banana,1000,16384,5000,1.138092941021406,0.04807554485564556,3.231650325897148,18646.514745694716,0.031837515761208565,0.022960232610050865,0.00048645512833756063,0.017307619515790205,0.015087033777528345,0.08815129389580935,20000,1.1471850445227578,115.514,23436.41731095314,0.9125272597973205,0.03307036796895599,2.2431289963703174,30,0.0379364313673802
banana,50,4096,5000,0.0042058640707471895,0.0041228887663715625,0.004304832303940634,17.227219233780488,0.020580685941007124,0.018250285743834808,9.049170407074826e-05,0.01822722570545146,0.0009171547383890234,0.9687840221136232,20000,19.873664652779823,50.5076,1606.9563920497894,0.001358874985781592,0.004299325631357219,0.004113577477427979,30,0.0001401954690249063
banana,250,1024,5000,0.4046816998387399,0.11270048326541512,0.9694163192853504,414.3940606348697,0.02624206629412595,0.029152374447997672,-0.00016121489257096627,0.027729489645294945,0.008996462636378145,0.09725159970426053,20000,3.082265860046796,94.6592,1214.5794570446014,0.6495343871024142,0.1295171854373689,0.6798341060022159,30,0.013489389994624663
banana,50,16384,5000,0.0010644846223834016,0.0010452365725948983,0.0010870879913807761,17.440516053129652,0.020048986341315037,0.018233064850483784,6.951719947228966e-05,0.01822722570545146,0.00046140754705214815,0.9687840221136232,20000,39.503527460489124,50.0732,4333.266424894333,0.0013359146814149877,0.0010846038539973166,0.0010440802308396046,30,3.548282074611339e-05
banana,250,16384,5000,0.05605086803503697,0.013922733878468742,0.13389027593759129,918.3374218860457,0.025466293809956516,0.0279308927461248,-0.00013160264918049742,0.027729489645294945,0.0033481597343925206,0.09725159970426053,20000,8.2820091766996,94.952,7531.999662876129,0.6315365867991152,0.01745993825958997,0.09463357274315753,30,0.0018683622678345657
banana,50,1024,5000,0.016928485292028516,0.016559698728817088,0.017317476834376358,17.3347689390372,0.02070101313747064,0.018319865009761297,9.291449094185573e-05,0.01822722570545146,0.0018400263743777432,0.9687840221136232,20000,9.90595893584162,51.5684,1235.2164359092712,0.0018518725257330585,0.016889267646220944,0.01697166157371883,30,0.0005642828430676172
banana,50,256,5000,0.06920445008405639,0.06686687525447899,0.07164952664689442,17.716339221518435,0.021374703452993284,0.01860302789693876,0.00011080530076912126,0.01822722570545146,0.0037203346646251163,0.9687840221136232,20000,4.899351092998551,52.2488,205.66885089874268,0.005654353257364769,0.06858647677383332,0.06983906263229762,30,0.0023068150028018796
banana,1000,4096,5000,0.14283900351990889,0.06620812063797366,0.2512483331803037,585.0685584175468,0.028167365726274395,0.018114124157886952,0.00046527899795035377,0.017307619515790205,0.00534488547154958,0.08815129389580935,20000,3.2381647105288507,112.3796,12702.852790117264,0.20083642858904652,0.1848034321716931,0.10091920187662594,30,0.004761300117330296
banana,1000,1024,5000,0.19176108365482297,0.0939149479276147,0.35285840197303653,196.36334966253872,0.022133439073707805,0.01838221722302091,0.00015198321519520878,0.017307619515790205,0.0061929166578410045,0.08815129389580935,20000,2.7947444592002704,107.4944,786.8242123126984,0.32368658478753387,0.20793602957793905,0.17564520788569485,30,0.006392036121827432
funnel,250,4096,5000,0.25179799213836845,0.22897886592545352,0.2811676372977132,1031.3645757987572,0.06970506040047031,0.10449115582280806,-0.0060596061997531415,0.10424990190287317,0.007096449705851066,0.17687326764255312,20000,14.69043059896817,98.6768,92638.28898000717,0.031136560698542638,0.24063025330377077,0.26290849929407195,30,0.008393266404612281
funnel,1000,256,5000,3.160277557599432,2.782056734703635,3.4979947684819823,809.0310547454546,0.07230514316769411,0.10345421282273132,-0.005474740422270242,0.10035297025624652,0.02514071422056037,0.31963340567311443,20000,3.9916515249267137,103.9088,316.1368372440338,0.02709532024262846,2.7766209420333,3.544416326008116,30,0.1053425852533144
funnel,250,256,5000,6.710149398634385,3.359971125980951,13.015736096802309,1717.7982460504027,0.07663197751854386,0.1104991942345534,-0.006337611948082947,0.10424990190287317,0.03663372598749515,0.17687326764255312,20000,2.8457357009892656,99.4964,3775.5593841075897,0.32632877477032946,5.576265978043739,7.845010855112408,30,0.2236716466211462
funnel,1000,16384,5000,0.06610692791606822,0.06085299169108879,0.07204048581740882,1083.0959069768617,0.06658722022267072,0.10041882306039199,-0.005650082127851865,0.10035297025624652,0.003636122327867098,0.31963340567311443,20000,27.598898278846484,104.0,4231.395499944687,0.015138750939871224,0.06675816221560084,0.06545051580442465,30,0.0022035642638689405
funnel,50,4096,5000,0.006192743200576139,0.006007160997071732,0.006380580378492678,25.365476149559864,0.01813492652863692,0.019986628253332996,-7.058974873786958e-05,0.019955619767293962,0.0011129010019382802,0.4825357895547851,20000,17.93117243361119,54.1688,1753.491729259491,0.0031762478117451707,0.006280808380651839,0.006106569979720875,30,0.00020642477335253796
funnel,250,1024,5000,1.219583092767794,0.8246222818095904,1.8760222044310368,1248.853086994221,0.06933798558111987,0.10541327556485587,-0.006304202420864653,0.10424990190287317,0.015617830148697316,0.17687326764255312,20000,6.675056708282147,98.5712,8687.465210199356,0.24810926104744227,0.9020359117034235,1.5372478312853755,30,0.04065276975892647
funnel,50,16384,5000,0.0015774261312256708,0.0015333519342425812,0.0016247305490007249,25.84454973400139,0.017494166377576496,0.01996352287355763,-9.249638827673072e-05,0.019955619767293962,0.0005616807155716975,0.4825357895547851,20000,35.528404686250376,53.456,33069.29203414917,0.008671696328253372,0.001589852907626611,0.0015640238674746757,30,5.258087104085569e-05
funnel,250,16384,5000,0.08305770571824757,0.06999072914125197,0.09874397285723537,1360.8174504877682,0.07114516494011022,0.10432954321716514,-0.005823019093546842,0.10424990190287317,0.004075725842552405,0.17687326764255312,20000,25.57824199421302,98.0684,3817.525239944458,0.07558335354612206,0.09253941913397158,0.07359389530585801,30,0.0027685901906082523
funnel,50,1024,5000,0.023787020628493857,0.022917587408782532,0.024934625212453935,24.35790912357771,0.0172309030563065,0.02007446548285937,-0.0001060801442866796,0.019955619767293962,0.002181147433278817,0.4825357895547851,20000,9.14913841348891,54.1376,745.8054010868073,0.007718966925617595,0.024086723575497442,0.023494737408368865,30,0.0007929006876164618
funnel,50,256,5000,0.10141689292050288,0.09333663282285684,0.10827421596301014,25.962724587648736,0.01765636086481645,0.02045752035025052,-0.0001067630598922922,0.019955619767293962,0.00450370720452613,0.4825357895547851,20000,4.430931865916813,53.6888,397.16199588775635,0.02200583979618906,0.09865769776987131,0.1041766810595137,30,0.003380563097350096
funnel,1000,4096,5000,0.2766034591073843,0.22329066809133555,0.3484307859093428,1132.9677685038462,0.0656724909199716,0.10062822333258485,-0.005813163267438822,0.10035297025624652,0.007437788100065561,0.31963340567311443,20000,13.49231369677794,104.006,1638.6915400028229,0.08173325535872682,0.23039374381953695,0.322845193708183,30,0.009220115303579477
funnel,1000,1024,5000,1.156950017104839,0.9438370860143478,1.4581732287534273,1184.7168175153552,0.07172089958515314,0.10149930365609444,-0.005158221205368446,0.10035297025624652,0.015211508913351357,0.31963340567311443,20000,6.597173944273556,103.814,575.1768598556519,0.058792110627434814,1.2083725465066992,1.1047672655242804,30,0.0385650005701613
