regime,step,M,replicates,variance,variance_bootstrap_lo,variance_bootstrap_hi,M_times_variance,bias,bias_rms_sampling_error,bias_squared_corrected,reference_rms_se,otr_mean_rms_se,reference_gradient_norm,dm_reference_samples_per_component,reference_to_otr_se_ratio,nfe_mean,elapsed_s,largest_draw_variance_fraction,variance_first_half,variance_second_half,bootstrap_resamples
hier_k5,250,4096,100,1.0071701936294288,0.8559488394239539,1.1351077535637097,4125.3691131061405,0.3754913044763967,0.4024497720494699,-0.0209720992852842,0.3897359581644681,0.1003578693291875,4.199007417309852,20000,3.883461862727284,58.22,0.018367052078247,,,,200.0
hier_k5,1000,256,100,2.2858741620574348,1.677581866345633,3.013756900211766,585.1837854867033,0.1842664431167837,0.1776841288890855,0.0023824723998377,0.0933429592336712,0.1511910765242921,0.1957532426467377,20000,0.6173840505638156,130.82,0.0187141895294189,,,,200.0
hier_k5,250,256,100,14.48981600117352,12.564133288605706,16.393505787874133,3709.392896300421,0.362190386232455,0.544786450912751,-0.1656104012188964,0.3897359581644681,0.3806549093493149,4.199007417309852,20000,1.0238563817045632,61.88,0.0183150768280029,,,,200.0
hier_k5,1000,16384,100,0.0295040580942194,0.026040463256243367,0.033025651564216066,483.39448781569104,0.0973987519012103,0.0949102134622033,0.0004785682524725,0.0933429592336712,0.0171767453535934,0.1957532426467377,20000,5.434263436533016,142.76,0.0187001228332519,,,,200.0
hier_k5,50,4096,100,0.2776821528536716,0.2410446814044366,0.30555715078348056,1137.3860980886388,0.2110915089285852,0.216593940717419,-0.0023533100137538,0.2100859672299988,0.0526955551117617,16.180584662846353,20000,3.986787249596833,56.0,0.0183610916137695,,,,200.0
hier_k5,250,1024,100,3.79364722947528,3.269965588348093,4.294913503265392,3884.6947629826864,0.447919232671205,0.4356955237102269,0.0108010496156322,0.3897359581644681,0.19477287361117,4.199007417309852,20000,2.000976578199015,59.96,0.0184669494628906,,,,200.0
hier_k5,50,16384,100,0.068596487719737,0.061273328711094324,0.0754535286760395,1123.8848548001724,0.2074940125980507,0.2117122540245639,-0.0017683132401214,0.2100859672299988,0.0261909312014172,16.180584662846353,20000,8.021324847687382,56.0,0.0183920860290527,,,,200.0
hier_k5,250,16384,100,0.2662650612098557,0.22265980703100535,0.30077881312867993,4362.486762862277,0.337809490830553,0.3931370851223204,-0.0404415156032771,0.3897359581644681,0.0516008780167407,4.199007417309852,20000,7.5528939263015475,57.32,0.0185317993164062,,,,200.0
hier_k5,50,1024,100,1.066958610815443,0.9671004563467243,1.1460715593952768,1092.5656174750136,0.2209743073325092,0.2341061719287182,-0.0059760552340363,0.2100859672299988,0.1032936886172356,16.180584662846353,20000,2.0338703171738977,56.0,0.0185396671295166,,,,200.0
hier_k5,50,256,100,4.597952991773966,4.0740201436402295,5.0124342765922,1177.0759658941354,0.2690370979934086,0.3001926773668935,-0.0177346834479888,0.2100859672299988,0.2144283794597619,16.180584662846353,20000,0.9797488921909332,55.94,0.0192530155181884,,,,200.0
hier_k5,1000,4096,100,0.147978050822175,0.1290577016027026,0.16915575455706988,606.1180961676291,0.0820745881380347,0.1009588458071929,-0.0034564505286925,0.0933429592336712,0.0384679153090176,0.1957532426467377,20000,2.4265146287194286,143.84,0.0188386440277099,,,,200.0
hier_k5,1000,1024,100,0.4595353999092135,0.3872050622461984,0.5397083516445129,470.5642495070347,0.1085903529286657,0.1153614408612815,-0.0015163972884187,0.0933429592336712,0.0677890404054529,0.1957532426467377,20000,1.376962392082522,145.28,0.0187106132507324,,,,200.0
rosenbrock_extreme,250,4096,1000,0.3323367804283731,0.11435749677467817,0.6978920717444269,1361.2514526346165,0.0244231775540449,0.0400126484783303,-0.001004520436414,0.0356184679319879,0.0182301064294307,0.2591190207607522,20000,1.9538266586576456,138.272,0.081010103225708,0.3749197071766725,0.4373014224003211,0.2259435028147906,200.0
rosenbrock_extreme,1000,256,1000,135.59652828173571,5.112367608568378,387.32163857764164,34712.71124012434,0.3110095991785959,0.3711439089441418,-0.0410208303651065,0.0463818160985717,0.3682343388139348,0.1775093393388279,20000,0.1259573353423947,173.822,0.1086251735687255,0.9319350260386552,266.2705634181328,5.015926929580851,200.0
rosenbrock_extreme,250,256,1000,49.40504464957355,0.4936869146641275,146.53619730244174,12647.691430290828,0.2298988041201243,0.2251082404253465,0.0021797402284676,0.0356184679319879,0.2222724558949523,0.2591190207607522,20000,0.160246881641608,131.522,0.0808541774749755,0.9847072081239072,0.6720771081012795,98.16039496888386,200.0
rosenbrock_extreme,1000,16384,1000,3784.09591230496,1.7173953527192063,14888.04700936744,61998627.42720447,1.774673381669447,1.9458281489303113,-0.636781573563491,0.0463818160985717,1.9452752793126633,0.1775093393388279,20000,0.0238433174943549,190.514,0.077449083328247,0.9856463863371364,99.13165673130348,7467.363941256964,200.0
rosenbrock_extreme,50,4096,100,0.0255345016832933,0.020948150050230145,0.029465219440766573,104.58931889476956,0.0612668780519264,0.0425931344772198,0.001939455241635,0.0394820223362684,0.015979518667123,1.3177516927571515,20000,2.4707892120368125,81.14,0.0183451175689697,,,,200.0
rosenbrock_extreme,250,1024,1000,5.012679702163441,0.20918307914185413,14.680997490478727,5132.984015015363,0.0429222381587039,0.0792549995898397,-0.0044390364314329,0.0356184679319879,0.0708002803819549,0.2591190207607522,20000,0.5030837129434043,135.692,0.0795009136199951,0.9364438104609122,0.2467467520186615,9.774589648453263,200.0
rosenbrock_extreme,50,16384,100,0.0063262998441389,0.005471182972240595,0.0072325401615650365,103.65009664637306,0.0625619353172699,0.0402752167741278,0.0022919026644392,0.0394820223362684,0.0079538040233205,1.3177516927571515,20000,4.9639169157936625,80.12,0.0180170536041259,,,,200.0
rosenbrock_extreme,250,16384,1000,0.0606942704743018,0.033889042901080045,0.08962590775990657,994.4149274509608,0.0284811714452272,0.0364605201320052,-0.0005181924014039,0.0356184679319879,0.0077906527630425,0.2591190207607522,20000,4.571949105594306,139.574,0.080151081085205,0.1778234228472347,0.06247213209802,0.0589660936852691,200.0
rosenbrock_extreme,50,1024,100,0.1040209136754482,0.08915017971056402,0.11785058688613596,106.51741560365902,0.0582752728964677,0.0509807730866851,0.0007969682066417,0.0394820223362684,0.0322522733579275,1.3177516927571515,20000,1.224162461297131,81.26,0.0184319019317626,,,,200.0
rosenbrock_extreme,50,256,100,0.5380516340012468,0.400416120189615,0.6791936632960741,137.74121830431918,0.0725440849153456,0.0833027396174583,-0.0016767021715691,0.0394820223362684,0.0733520029720557,1.3177516927571515,20000,0.5382541817066616,81.44,0.0207960605621337,,,,200.0
rosenbrock_extreme,1000,4096,1000,15.13633665296369,1.7691030130930525,50.295865950096044,61998.434930539275,0.0993146643678148,0.1314823543961904,-0.0074242069590737,0.0463818160985717,0.1230298201777263,0.1775093393388279,20000,0.3769965365434946,189.116,0.1189041137695312,0.7852021924905297,3.8764822346718657,26.410542142508472,200.0
rosenbrock_extreme,1000,1024,1000,9.069276937173466,4.234604162957444,16.28957211985819,9286.93958366563,0.1117479447772647,0.1059270966362016,0.0012670533601674,0.0463818160985717,0.0952327513892855,0.1775093393388279,20000,0.4870363968481344,183.998,0.1544709205627441,0.2513612944520778,10.677372490671422,7.460457761779889,200.0
