regime,step,M,replicates,variance,variance_bootstrap_lo,variance_bootstrap_hi,M_times_variance,bias,bias_rms_sampling_error,bias_squared_corrected,reference_rms_se,otr_mean_rms_se,reference_gradient_norm,dm_reference_samples_per_component,reference_to_otr_se_ratio,nfe_mean,elapsed_s,largest_draw_variance_fraction,variance_first_half,variance_second_half
hier_k5,250,4096,100,1.0071701936294288,0.8559488394239539,1.1400969867915525,4125.3691131061405,0.3754913044763967,0.40244977204946997,-0.02097209928528429,0.38973595816446815,0.10035786932918757,4.199007417309852,20000,3.8834618627272843,58.22,0.01836705207824707,,,
hier_k5,1000,256,100,2.2858741620574348,1.6970479472913154,2.923812462826801,585.1837854867033,0.1842664431167837,0.17768412888908555,0.002382472399837715,0.09334295923367127,0.1511910765242921,0.19575324264673777,20000,0.6173840505638156,130.82,0.018714189529418945,,,
hier_k5,250,256,100,14.48981600117352,12.473347399196443,16.39213714411788,3709.392896300421,0.362190386232455,0.544786450912751,-0.1656104012188964,0.38973595816446815,0.38065490934931495,4.199007417309852,20000,1.0238563817045632,61.88,0.01831507682800293,,,
hier_k5,1000,16384,100,0.029504058094219424,0.025900478232293443,0.03287294424397142,483.39448781569104,0.09739875190121032,0.09491021346220337,0.00047856825247251204,0.09334295923367127,0.017176745353593453,0.19575324264673777,20000,5.434263436533016,142.76,0.018700122833251953,,,
hier_k5,50,4096,100,0.2776821528536716,0.24164308510564922,0.30966973567033823,1137.3860980886388,0.21109150892858525,0.21659394071741905,-0.0023533100137538496,0.2100859672299988,0.05269555511176171,16.180584662846353,20000,3.986787249596833,56.0,0.01836109161376953,,,
hier_k5,250,1024,100,3.7936472294752797,3.2553066400645116,4.285233341948476,3884.6947629826864,0.44791923267120504,0.4356955237102269,0.010801049615632219,0.38973595816446815,0.19477287361117,4.199007417309852,20000,2.000976578199015,59.96,0.018466949462890625,,,
hier_k5,50,16384,100,0.06859648771973709,0.06119164660622405,0.07631905404054333,1123.8848548001724,0.2074940125980507,0.21171225402456395,-0.0017683132401214718,0.2100859672299988,0.026190931201417238,16.180584662846353,20000,8.021324847687382,56.0,0.018392086029052734,,,
hier_k5,250,16384,100,0.26626506120985577,0.22596668939172365,0.30367442210608725,4362.486762862277,0.33780949083055306,0.39313708512232043,-0.040441515603277106,0.38973595816446815,0.05160087801674074,4.199007417309852,20000,7.5528939263015475,57.32,0.01853179931640625,,,
hier_k5,50,1024,100,1.066958610815443,0.9596901116246105,1.15301514409907,1092.5656174750136,0.22097430733250922,0.2341061719287182,-0.005976055234036326,0.2100859672299988,0.10329368861723562,16.180584662846353,20000,2.0338703171738977,56.0,0.0185396671295166,,,
hier_k5,50,256,100,4.597952991773966,4.106181234526223,4.99566843070853,1177.0759658941354,0.26903709799340864,0.3001926773668935,-0.01773468344798884,0.2100859672299988,0.21442837945976195,16.180584662846353,20000,0.9797488921909331,55.94,0.019253015518188477,,,
hier_k5,1000,4096,100,0.14797805082217508,0.1280099210821911,0.16771087494640496,606.1180961676291,0.0820745881380347,0.10095884580719297,-0.00345645052869254,0.09334295923367127,0.0384679153090176,0.19575324264673777,20000,2.4265146287194286,143.84,0.01883864402770996,,,
hier_k5,1000,1024,100,0.45953539990921355,0.38065007895386904,0.5487503604837024,470.5642495070347,0.10859035292866578,0.11536144086128151,-0.0015163972884187586,0.09334295923367127,0.06778904040545297,0.19575324264673777,20000,1.376962392082522,145.28,0.018710613250732422,,,
hier_k50,250,4096,100,0.2784538303757422,0.25177688150103583,0.30465429928528315,1140.54688921904,0.11470865704902215,0.1264044134628998,-0.002819999740909542,0.11486312480140135,0.052768724674350634,1.6572771752860962,20000,2.176727323054541,109.76,209.2550117969513,,,
hier_k50,1000,256,100,96.84930858903563,73.99067064769817,120.93976705442762,24793.42299879312,0.976024126032799,0.9846130717105899,-0.01683980638527416,0.031141854360440622,0.9841204630990844,0.38997124120293036,20000,0.031644352015984006,171.74,38.51607394218445,,,
hier_k50,250,256,100,4.356560478886106,3.8179173526822687,4.866429582761472,1115.279482594843,0.22120938501282605,0.23824177263444662,-0.007825550210250644,0.11486312480140135,0.20872375233514048,1.6572771752860962,20000,0.55031170873629,102.38,23.301493883132935,,,
hier_k50,1000,16384,100,1.598914788897146,1.3364842516411313,1.9312509948928234,26196.61990129084,0.11159543727740316,0.13022658323851685,-0.004505421360843535,0.031141854360440622,0.12644820239517626,0.38997124120293036,20000,0.2462815110895449,167.6,1677.337937116623,,,
hier_k50,50,4096,100,0.03663128721475699,0.03321931946466377,0.03940549612956935,150.04175243164462,0.06916595884665629,0.06704623991671249,0.0002887315762079793,0.06425640368727308,0.01913930176750369,5.0709453837466185,20000,3.357301351315385,80.0,0.04803323745727539,,,
hier_k50,250,1024,100,1.1405357624345278,0.9984440201287421,1.2758111320620877,1167.9086207329565,0.12910629984074604,0.15684034896507842,-0.007930458404918954,0.11486312480140135,0.1067958689479386,1.6572771752860962,20000,1.075539025366191,108.2,55.91248297691345,,,
hier_k50,50,16384,100,0.009180182856922956,0.008316320729329911,0.009963283237709127,150.40811592782572,0.06590259571341421,0.06496681647880732,0.0001224648783746899,0.06425640368727308,0.009581327077666724,5.0709453837466185,20000,6.706420015349377,80.0,0.05064105987548828,,,
hier_k50,250,16384,100,0.06928774577779767,0.06255556772511613,0.07549962483398776,1135.210426823437,0.10260174182107029,0.11784063347131277,-0.003359297472202715,0.11486312480140135,0.026322565562231517,1.6572771752860962,20000,4.363675133787519,110.0,839.8719599246979,,,
hier_k50,50,1024,100,0.13880682759847168,0.12749654105190153,0.14815575296711667,142.138191460835,0.077785328798014,0.0742761986830675,0.0005336036854086297,0.06425640368727308,0.037256788320851233,5.0709453837466185,20000,1.7246898238759665,78.44,0.0484769344329834,,,
hier_k50,50,256,100,0.5450762461844358,0.49469898069304113,0.5871050965344647,139.53951902321558,0.07859686385281688,0.09787567561282098,-0.003402180869167928,0.06425640368727308,0.07382927916378676,5.0709453837466185,20000,0.870337681947609,76.7,0.048401832580566406,,,
hier_k50,1000,4096,100,7.571481275743551,6.0193563693369665,9.013779893095919,31012.787305445585,0.1801181781767526,0.27691989428432623,-0.04424206974073002,0.031141854360440622,0.2751632474685446,0.38997124120293036,20000,0.11317592246399337,170.9,328.43616700172424,,,
hier_k50,1000,1024,100,32.28246263539956,25.646287409611013,39.22469634034224,33057.24173864915,0.6157839530838302,0.5690293853985069,0.05539543542854625,0.031141854360440622,0.5681765802582817,0.38997124120293036,20000,0.054810168955369755,173.42,95.50876331329346,,,
rosenbrock_extreme,250,4096,1000,0.33233678042837317,0.12065577344538422,0.6631570209600799,1361.2514526346165,0.024423177554044953,0.04001264847833032,-0.0010045204364140243,0.03561846793198798,0.01823010642943077,0.25911902076075227,20000,1.9538266586576454,138.272,0.08101010322570801,0.37491970717667256,0.4373014224003211,0.22594350281479061
rosenbrock_extreme,1000,256,1000,135.59652828173571,4.818559822017862,389.3497574726625,34712.71124012434,0.31100959917859594,0.37114390894414184,-0.041020830365106536,0.046381816098571796,0.3682343388139348,0.17750933933882798,20000,0.12595733534239478,173.822,0.10862517356872559,0.9319350260386553,266.2705634181328,5.015926929580851
rosenbrock_extreme,250,256,1000,49.40504464957355,0.5138839081091716,146.61002052878501,12647.691430290828,0.2298988041201243,0.22510824042534652,0.002179740228467668,0.03561846793198798,0.22227245589495237,0.25911902076075227,20000,0.16024688164160808,131.522,0.08085417747497559,0.9847072081239073,0.6720771081012795,98.16039496888386
rosenbrock_extreme,1000,16384,1000,3784.09591230496,1.5848111054416192,14888.42929836707,61998627.42720447,1.774673381669447,1.9458281489303113,-0.636781573563491,0.046381816098571796,1.9452752793126633,0.17750933933882798,20000,0.02384331749435493,190.514,0.07744908332824707,0.9856463863371364,99.13165673130348,7467.363941256964
rosenbrock_extreme,50,4096,100,0.025534501683293347,0.021182772965389392,0.029461382674832354,104.58931889476955,0.06126687805192641,0.04259313447721985,0.001939455241635088,0.03948202233626845,0.015979518667123032,1.3177516927571515,20000,2.4707892120368125,81.14,0.018345117568969727,,,
rosenbrock_extreme,250,1024,1000,5.012679702163441,0.20351164494487092,14.570616899684495,5132.984015015363,0.04292223815870396,0.07925499958983974,-0.004439036431432996,0.03561846793198798,0.07080028038195499,0.25911902076075227,20000,0.5030837129434043,135.692,0.07950091361999512,0.9364438104609122,0.24674675201866153,9.774589648453263
rosenbrock_extreme,50,16384,100,0.006326299844138981,0.005399295332267887,0.007142786618337482,103.65009664637306,0.06256193531726992,0.04027521677412787,0.0022919026644392746,0.03948202233626845,0.007953804023320528,1.3177516927571515,20000,4.9639169157936625,80.12,0.018017053604125977,,,
rosenbrock_extreme,250,16384,1000,0.0606942704743018,0.03165770168816385,0.09627792568907464,994.4149274509607,0.02848117144522723,0.03646052013200522,-0.0005181924014039313,0.03561846793198798,0.007790652763042504,0.25911902076075227,20000,4.571949105594306,139.574,0.08015108108520508,0.1778234228472347,0.062472132098020015,0.05896609368526916
rosenbrock_extreme,50,1024,100,0.10402091367544826,0.08950932740697926,0.11783113516483894,106.51741560365902,0.05827527289646773,0.05098077308668518,0.0007969682066417023,0.03948202233626845,0.03225227335792754,1.3177516927571515,20000,1.2241624612971307,81.26,0.018431901931762695,,,
rosenbrock_extreme,50,256,100,0.5380516340012468,0.4005927715868577,0.6880905034696657,137.74121830431918,0.0725440849153456,0.08330273961745838,-0.0016767021715691968,0.03948202233626845,0.0733520029720557,1.3177516927571515,20000,0.5382541817066616,81.44,0.02079606056213379,,,
rosenbrock_extreme,1000,4096,1000,15.13633665296369,1.7279214026737186,40.892568726912806,61998.434930539275,0.09931466436781486,0.13148235439619047,-0.007424206959073712,0.046381816098571796,0.12302982017772639,0.17750933933882798,20000,0.37699653654349463,189.116,0.11890411376953125,0.7852021924905297,3.8764822346718657,26.410542142508472
rosenbrock_extreme,1000,1024,1000,9.069276937173466,4.2328295836580825,16.078210769317156,9286.93958366563,0.11174794477726477,0.10592709663620165,0.0012670533601674139,0.046381816098571796,0.09523275138928554,0.17750933933882798,20000,0.48703639684813443,183.998,0.15447092056274414,0.2513612944520778,10.677372490671422,7.460457761779889
banana,250,4096,1000,0.13872101311890628,0.0246680198198034,0.3516472985188053,568.2012697350401,0.026397654666882226,0.030127157335324985,-0.0002108094371954571,0.027729489645294945,0.011777988500542284,0.09725159970426053,20000,2.354348507303961,95.456,0.08014297485351562,0.7300985936383154,0.24796073184470652,0.029366182861021252
banana,1000,256,1000,0.5435748350843665,0.22033401697771055,1.0535776693079102,139.15515778159784,0.0555326744938993,0.029036675573965567,0.002240749408057645,0.017307619515790205,0.023314691400152965,0.08815129389580935,20000,0.7423482137823473,101.144,0.13948321342468262,0.3284231076382706,0.6180439030303986,0.4698597082069866
banana,250,256,1000,0.544184162659162,0.24885531079102566,1.0110383873193098,139.31114564074548,0.03452943344422604,0.0362368425590266,-0.0001208269846684454,0.027729489645294945,0.023327755199743547,0.09725159970426053,20000,1.1886908709329989,92.978,0.0807640552520752,0.39811584855115795,0.3562019259947465,0.7307049654460824
banana,1000,16384,1000,0.04397722334458193,0.014231137760666096,0.08849022384104202,720.5228272776303,0.024309992215737687,0.018534587037426647,0.0002474448048812831,0.017307619515790205,0.006631532503470214,0.08815129389580935,20000,2.609897411606337,115.526,0.0765221118927002,0.4771870192419226,0.00991898517199329,0.07811265604294203
banana,50,4096,100,0.004238721746849332,0.0037047484290805453,0.004687924381665549,17.361804275094865,0.025382760310144293,0.019355076191685836,0.0002696655465762725,0.01822722570545146,0.006510546633616361,0.9687840221136232,20000,2.7996459792389095,50.48,0.01850605010986328,,,
banana,250,1024,1000,0.12990864459543516,0.08405314697334067,0.18785212619665753,133.0264520657256,0.02171769888267658,0.029980547703201736,-0.0004271747958253433,0.027729489645294945,0.011397747347411906,0.09725159970426053,20000,2.432892114562576,95.24,0.08103609085083008,0.14764081210448415,0.15035128241993156,0.10964125202441928
banana,50,16384,100,0.0010909352700752375,0.0009552821938478233,0.0012097571442805147,17.87388346491269,0.02217946404667166,0.018524068387323095,0.00014878751577937792,0.01822722570545146,0.0033029309258221515,0.9687840221136232,20000,5.51850042123252,50.3,0.01813197135925293,,,
banana,250,16384,1000,0.0233798205351683,0.00614632954994535,0.054603249641293976,383.05497964819745,0.026505849652712393,0.028147902524410018,-8.974435071149424e-05,0.027729489645294945,0.004835268403632657,0.09725159970426053,20000,5.734839791822568,94.97,0.08028388023376465,0.61551964504313,0.006377623544150616,0.04041929876292
banana,50,1024,100,0.01821151412240477,0.015753800824851685,0.020325580274276653,18.648590461342483,0.01857158509234114,0.02267921731765711,-0.00016944312529945047,0.01822722570545146,0.013495004306188557,0.9687840221136232,20000,1.3506646824182782,51.68,0.01837897300720215,,,
banana,50,256,100,0.08229842524275419,0.06102372666868098,0.1067126457614449,21.06839686214507,0.04521274662165086,0.03398846877023165,0.0008889764477285893,0.01822722570545146,0.028687702111314908,0.9687840221136232,20000,0.6353672258142398,52.58,0.020798921585083008,,,
banana,1000,4096,1000,0.24087619707535557,0.03491196416407855,0.5702927805344954,986.6289032206564,0.03145904399431877,0.023247148005265453,0.0004492415586577664,0.017307619515790205,0.01552018676032462,0.08815129389580935,20000,1.1151682504256284,112.358,0.1125800609588623,0.5833284858457145,0.18070376476530345,0.3013063599772704
banana,1000,1024,1000,0.40667248569747255,0.05690385529160584,1.046698030311687,416.4326253542119,0.02199020115524732,0.02657491634983701,-0.00022265723215259393,0.017307619515790205,0.020166122227574457,0.08815129389580935,20000,0.8582522371169786,107.516,0.15664410591125488,0.7636496528673079,0.749989485582,0.06394341783336069
funnel,250,4096,1000,0.23999110061969678,0.19661361266339558,0.29687316367590083,983.003548138278,0.07165078999924279,0.10539465426376414,-0.005974197439862786,0.10424990190287317,0.01549164615590276,0.17687326764255312,20000,6.729426999154056,98.696,101.5490870475769,0.07420677936206103,0.25510858093117933,0.22504790533644808
funnel,1000,256,1000,2.860692536828938,2.2452387227285597,3.5548303577675036,732.3372894282081,0.08691675749611498,0.11371636283349919,-0.005376888442441577,0.10035297025624652,0.05348544228880357,0.31963340567311443,20000,1.8762669983053315,103.484,48.763484954833984,0.051577150244901115,3.346526873357449,2.371759738730921
funnel,250,256,1000,8.044687471354958,2.7822456944334477,16.57040469029246,2059.4399926668693,0.12487523201703404,0.13752355986562317,-0.003318905946805558,0.10424990190287317,0.08969218177385897,0.17687326764255312,20000,1.1623075706388615,99.554,0.07720112800598145,0.4348598880583223,10.455488218818592,5.64921231594414
funnel,1000,16384,1000,0.06586979541409331,0.05654321882089387,0.07636750250720331,1079.2107280645048,0.06805154055414851,0.10068062591514414,-0.005505576262872273,0.10035297025624652,0.008116020910156238,0.31963340567311443,20000,12.364799372395241,104.0,718.6040802001953,0.03663498899337525,0.07027311014533683,0.06154046819898785
funnel,50,4096,100,0.006029521350501359,0.004663777302593111,0.00744705809649747,24.696919451653567,0.02242085299083612,0.021413126203378787,4.417267503485769e-05,0.019955619767293962,0.007764999259820543,0.4825357895547851,20000,2.569944838314789,53.48,0.017779827117919922,,,
funnel,250,1024,1000,1.016539674763729,0.7725813357745226,1.312087746323816,1040.9366269580585,0.06895132432993845,0.10901642867716044,-0.007130296594670046,0.10424990190287317,0.03188321932872728,0.17687326764255312,20000,3.2697420178313794,98.582,0.08071112632751465,0.07455266804231254,0.945164041549453,1.08800278131426
funnel,50,16384,100,0.001460769743228429,0.0012545396451892716,0.0016465572534050908,23.933251473054582,0.018418724327813957,0.020318328123374172,-7.358505186509206e-05,0.019955619767293962,0.003822001757231973,0.4825357895547851,20000,5.221248192660832,53.42,0.01844620704650879,,,
funnel,250,16384,1000,0.10713146454202074,0.0645744452779885,0.17366752592116408,1755.2419150564679,0.06626236862705481,0.10476246231976748,-0.006584472015233003,0.10424990190287317,0.010350433060602862,0.17687326764255312,20000,10.072032860120842,98.108,665.8828659057617,0.29244568917369645,0.1443521824865635,0.06966496371871939
funnel,50,1024,100,0.021622260715235448,0.01733359894505663,0.02598428597487076,22.1411949724011,0.02420815226421022,0.024788089225456004,-2.8414731401981558e-05,0.019955619767293962,0.014704509755593842,0.4825357895547851,20000,1.3571088121249681,54.26,0.018496036529541016,,,
funnel,50,256,100,0.07066609186841664,0.05379736663075023,0.08795858193229754,18.09051951831466,0.041356659370077514,0.03323985076652692,0.0006054855952716399,0.019955619767293962,0.026583094603227938,0.4825357895547851,20000,0.7506883628541422,53.9,0.019255876541137695,,,
funnel,1000,4096,1000,0.24107403850967116,0.20745430495686046,0.2815994210452571,987.4392617356131,0.06718519621005166,0.10154699738426917,-0.00579794208797763,0.10035297025624652,0.015526559132971837,0.31963340567311443,20000,6.46331034434663,104.0,1442.9309651851654,0.052115341360568716,0.22231281349813128,0.25895137175772714
funnel,1000,1024,1000,1.172625026441108,0.7451793113917098,1.8527895112409505,1200.7680270756946,0.08706249033349263,0.10603463427433608,-0.0036634664426227117,0.10035297025624652,0.03424361292914502,0.31963340567311443,20000,2.9305602321779336,103.856,90.11375069618225,0.24415877865990857,0.8838192242424582,1.4616013020967813
