step,solver,setting,bias,variance,bias_rms_sampling_error,replicates,mc,dm_samples_per_component,dm_reference_rms_error,difference_rms_error,normalized_bias,target
50,dopri5,0.01,0.2460873602198399,0.1340572502600273,0.0379699352817289,5000,1024,20000,0.03761521680446199,0.037969935281728956,6.481110868215163,Rosenbrock
50,dopri5,0.001,0.0467073203227185,0.1075574976218625,0.0379000796143102,5000,1024,20000,0.03761521680446199,0.03790007961431021,1.2323805331818585,Rosenbrock
50,dopri5,0.0001,0.0467367090426242,0.1064047353785431,0.0378970379096096,5000,1024,20000,0.03761521680446199,0.03789703790960962,1.2332549354938658,Rosenbrock
50,dopri5,1e-05,0.0472601062599378,0.105697806390314,0.0378951724699168,5000,1024,20000,0.03761521680446199,0.03789517246991683,1.2471273563263325,Rosenbrock
50,dopri5,1e-06,0.0490918666272996,0.1068213572710738,0.0378981372457921,5000,1024,20000,0.03761521680446199,0.0378981372457921,1.2953635770779304,Rosenbrock
50,rk4,2.0,0.0485373272966921,0.1054674928844688,0.0378945647002782,5000,1024,20000,0.03761521680446199,0.03789456470027824,1.2808519554345408,Rosenbrock
50,rk4,8.0,0.0469515477232542,0.1048261050800952,0.0378928721036384,5000,1024,20000,0.03761521680446199,0.03789287210363842,1.239060148168235,Rosenbrock
50,rk4,32.0,0.0459769332145777,0.1068361236658849,0.0378981762091509,5000,1024,20000,0.03761521680446199,0.03789817620915097,1.2131700734315551,Rosenbrock
50,rk4,128.0,0.0455979102579257,0.1064539008718618,0.0378971676437837,5000,1024,20000,0.03761521680446199,0.03789716764378378,1.2032010066431722,Rosenbrock
250,dopri5,0.01,3.5468336276588976,68045.75313969325,3.689238296956314,5000,1024,20000,0.036449743352637634,3.689238296956314,0.9613999807453744,Rosenbrock
250,dopri5,0.001,0.0497972655110296,0.8863457127691294,0.0388053209370439,5000,1024,20000,0.036449743352637634,0.0388053209370439,1.2832586951624125,Rosenbrock
250,dopri5,0.0001,0.0581387890976502,2.1336347234335156,0.0418964286683227,5000,1024,20000,0.036449743352637634,0.04189642866832273,1.3876788773074606,Rosenbrock
250,dopri5,1e-05,0.0318163852335698,5.176710005759267,0.0486202199874188,5000,1024,20000,0.036449743352637634,0.04862021998741887,0.6543858757077347,Rosenbrock
250,dopri5,1e-06,0.062908207394689,7.914928987839566,0.0539589620734226,5000,1024,20000,0.036449743352637634,0.053958962073422656,1.1658528069737328,Rosenbrock
250,rk4,2.0,0.7377966723663337,3.3569331460080893,0.0447210288306828,5000,1024,20000,0.036449743352637634,0.04472102883068288,16.49775713254913,Rosenbrock
250,rk4,8.0,0.0425069070790024,1.226853807917999,0.0396730960734948,5000,1024,20000,0.036449743352637634,0.03967309607349483,1.0714290359456167,Rosenbrock
250,rk4,32.0,0.038023793928782,1.075621122723056,0.039290049822032,5000,1024,20000,0.036449743352637634,0.039290049822032075,0.967771588506869,Rosenbrock
250,rk4,128.0,0.0300188423826386,6.398346216155188,0.0510710586702898,5000,1024,20000,0.036449743352637634,0.05107105867028986,0.587785786396901,Rosenbrock
1000,dopri5,0.01,8.493714902051217,976625.4417351112,13.975963075828576,5000,1024,20000,0.04955350544161614,13.975963075828577,0.6077373599205548,Rosenbrock
1000,dopri5,0.001,1.8876154468575388,17412.658601347557,1.8668120607525185,5000,1024,20000,0.04955350544161614,1.8668120607525183,1.0111438031403304,Rosenbrock
1000,dopri5,0.0001,0.3872056332390783,561.4765063984304,0.3387489500813816,5000,1024,20000,0.04955350544161614,0.3387489500813816,1.1430460024925697,Rosenbrock
1000,dopri5,1e-05,0.1972379917531357,171.5212042827823,0.1917284297075129,5000,1024,20000,0.04955350544161614,0.19172842970751294,1.028736281072284,Rosenbrock
1000,dopri5,1e-06,0.8600878502607269,2112.383745699126,0.6518683141872885,5000,1024,20000,0.04955350544161614,0.6518683141872885,1.319419630532333,Rosenbrock
1000,rk4,2.0,2.228353452247576,360.91717966659985,0.2732013649945261,5000,1024,20000,0.04955350544161614,0.2732013649945261,8.15645065423529,Rosenbrock
1000,rk4,8.0,0.6502233525347306,2837.705228633681,0.7549811889234649,5000,1024,20000,0.04955350544161614,0.7549811889234649,0.8612444416819054,Rosenbrock
1000,rk4,32.0,0.0751154233171524,20.971709417119197,0.0815468686399184,5000,1024,20000,0.04955350544161614,0.08154686863991847,0.9211319155470579,Rosenbrock
1000,rk4,128.0,0.1063803262253581,49.84189334513908,0.1114626779266499,5000,1024,20000,0.04955350544161614,0.11146267792664995,0.9544031078758365,Rosenbrock
50,dopri5,0.01,0.3322642089555692,1.0898840048590444,0.2130927091573502,5000,1024,20000,0.21258063386641604,0.2130927091573502,1.5592471946575202,"Hierarchical mixture, K=5"
50,dopri5,0.001,0.6348725364650722,1.0973250013624651,0.2130962010344617,5000,1024,20000,0.21258063386641604,0.21309620103446172,2.9792766524373713,"Hierarchical mixture, K=5"
50,dopri5,0.0001,0.2151090132012341,1.0872441192485025,0.2130914703100453,5000,1024,20000,0.21258063386641604,0.21309147031004533,1.0094679664477104,"Hierarchical mixture, K=5"
50,dopri5,1e-05,0.212689039815155,1.0987961315131949,0.2130968913929761,5000,1024,20000,0.21258063386641604,0.21309689139297613,0.998086074483982,"Hierarchical mixture, K=5"
50,dopri5,1e-06,0.21534924071141,1.090697661120399,0.2130930909890588,5000,1024,20000,0.21258063386641604,0.21309309098905885,1.0105876249289893,"Hierarchical mixture, K=5"
50,rk4,2.0,0.2113307837519669,1.0804262619368965,0.2130882707880342,5000,1024,20000,0.21258063386641604,0.21308827078803425,0.9917523051382984,"Hierarchical mixture, K=5"
50,rk4,8.0,0.2139528713993359,1.090732887735447,0.2130931075201502,5000,1024,20000,0.21258063386641604,0.21309310752015026,1.0040346864766816,"Hierarchical mixture, K=5"
50,rk4,32.0,0.2097940487824221,1.0989783637969417,0.2130969769091214,5000,1024,20000,0.21258063386641604,0.2130969769091214,0.9845003520246658,"Hierarchical mixture, K=5"
50,rk4,128.0,0.2132631265433259,1.0865443097089418,0.2130911419017435,5000,1024,20000,0.21258063386641604,0.21309114190174358,1.0008070942792247,"Hierarchical mixture, K=5"
250,dopri5,0.01,0.3042083706096993,3.633511585172356,0.3542875734672837,5000,1024,20000,0.3532605021741059,0.3542875734672837,0.8586481530597379,"Hierarchical mixture, K=5"
250,dopri5,0.001,0.2046077330702769,3.679667049074241,0.3543006009113113,5000,1024,20000,0.3532605021741059,0.3543006009113113,0.5774975615169629,"Hierarchical mixture, K=5"
250,dopri5,0.0001,0.1998546352412214,3.6359532521642346,0.3542882626431961,5000,1024,20000,0.3532605021741059,0.3542882626431961,0.5641017677249306,"Hierarchical mixture, K=5"
250,dopri5,1e-05,0.2047838997524585,3.7318118189203178,0.3543153182690321,5000,1024,20000,0.3532605021741059,0.3543153182690321,0.5779707768574821,"Hierarchical mixture, K=5"
250,dopri5,1e-06,0.211982150270177,3.7139671476129785,0.35431028185169,5000,1024,20000,0.3532605021741059,0.35431028185169006,0.5982952263262575,"Hierarchical mixture, K=5"
250,rk4,2.0,0.2077098241675837,3.6696704361793433,0.3542977793940252,5000,1024,20000,0.3532605021741059,0.3542977793940252,0.586257764648825,"Hierarchical mixture, K=5"
250,rk4,8.0,0.189899469152646,3.6698418162496416,0.3542978277657815,5000,1024,20000,0.3532605021741059,0.3542978277657815,0.5359882400356808,"Hierarchical mixture, K=5"
250,rk4,32.0,0.2021230269875943,3.718053385274933,0.3543114351433727,5000,1024,20000,0.3532605021741059,0.35431143514337277,0.5704671284622943,"Hierarchical mixture, K=5"
250,rk4,128.0,0.1983586771115126,3.67585477198326,0.3542995249089365,5000,1024,20000,0.3532605021741059,0.3542995249089365,0.5598615385174325,"Hierarchical mixture, K=5"
1000,dopri5,0.01,0.4231069281658529,1.523525211405502,0.0733890050838642,5000,1024,20000,0.07128282419291723,0.07338900508386421,5.7652631709934425,"Hierarchical mixture, K=5"
1000,dopri5,0.001,0.0577299281325508,0.5387800262390653,0.0720346932398976,5000,1024,20000,0.07128282419291723,0.07203469323989767,0.8014183934995378,"Hierarchical mixture, K=5"
1000,dopri5,0.0001,0.0434458189353699,0.2961367531265931,0.0716970597412729,5000,1024,20000,0.07128282419291723,0.07169705974127297,0.605963746521114,"Hierarchical mixture, K=5"
1000,dopri5,1e-05,0.0458420335463966,0.2870208102799081,0.0716843440855416,5000,1024,20000,0.07128282419291723,0.07168434408554164,0.6394985422715571,"Hierarchical mixture, K=5"
1000,dopri5,1e-06,0.0425508429979712,0.2862340049461551,0.0716832464799661,5000,1024,20000,0.07128282419291723,0.07168324647996613,0.5935953669434212,"Hierarchical mixture, K=5"
1000,rk4,2.0,0.047550972361589,0.2717439320886575,0.0716630295992018,5000,1024,20000,0.07128282419291723,0.07166302959920183,0.6635356142146496,"Hierarchical mixture, K=5"
1000,rk4,8.0,0.045532279697822,0.291101977759092,0.0716900371074681,5000,1024,20000,0.07128282419291723,0.07169003710746819,0.635127020921555,"Hierarchical mixture, K=5"
1000,rk4,32.0,0.0438717150775781,0.2845985628770173,0.0716809649592815,5000,1024,20000,0.07128282419291723,0.07168096495928154,0.6120413571789872,"Hierarchical mixture, K=5"
1000,rk4,128.0,0.0478593444724186,0.2802931201526166,0.0716749583114554,5000,1024,20000,0.07128282419291723,0.0716749583114554,0.6677275522707841,"Hierarchical mixture, K=5"
