target,dim,chart,components,estimator,mc,lr,n_steps,seed,tag,diverged,stop_reason,steps_completed,total_s,torch,host,log_Z
banana,,cholesky,5,ode_transport,256,0.005,1000,1,banana|M256,False,completed,1000,93.5683968067,2.0.1,Mac,0
banana,,cholesky,5,ode_transport,4096,0.005,1000,1,banana|M4096,False,completed,1000,503.3576889038,2.0.1,Mac,0
rosenbrock,,cholesky,5,ode_transport,256,0.005,1000,1,rosenbrock_extreme|M256,False,completed,1000,153.6662099361,2.0.1,Mac,0
rosenbrock,,cholesky,5,ode_transport,4096,0.005,1000,1,rosenbrock_extreme|M4096,False,completed,1000,762.0990738869,2.0.1,Mac,0
hierarchical_mixture,,cholesky,5,ode_transport,256,0.005,1000,1,hier_k5|M256,False,completed,1000,125.8979482651,2.0.1,Mac,0
hierarchical_mixture,,cholesky,5,ode_transport,4096,0.005,1000,1,hier_k5|M4096,False,completed,1000,573.297301054,2.0.1,Mac,0
hierarchical_mixture,,cholesky,50,ode_transport,256,0.005,1000,1,hier_k50|M256,False,completed,1000,357.1078231335,2.0.1,Mac,0
hierarchical_mixture,,cholesky,50,ode_transport,4096,0.005,1000,1,hier_k50|M4096,False,completed,1000,3806.2002928257,2.0.1,Mac,0
banana,,cholesky,5,ode_transport,256,0.005,1000,2,banana|M256,False,completed,1000,91.9199929237,2.0.1,Mac,0
banana,,cholesky,5,ode_transport,4096,0.005,1000,2,banana|M4096,False,completed,1000,504.3443248272,2.0.1,Mac,0
rosenbrock,,cholesky,5,ode_transport,256,0.005,1000,2,rosenbrock_extreme|M256,False,completed,1000,158.0937390327,2.0.1,Mac,0
rosenbrock,,cholesky,5,ode_transport,4096,0.005,1000,2,rosenbrock_extreme|M4096,False,completed,1000,785.8620061874,2.0.1,Mac,0
hierarchical_mixture,,cholesky,5,ode_transport,256,0.005,1000,2,hier_k5|M256,False,completed,1000,146.6724319458,2.0.1,Mac,0
hierarchical_mixture,,cholesky,5,ode_transport,4096,0.005,1000,2,hier_k5|M4096,False,completed,1000,719.7448880672,2.0.1,Mac,0
hierarchical_mixture,,cholesky,50,ode_transport,256,0.005,1000,2,hier_k50|M256,False,completed,1000,323.070284605,2.0.1,Mac,0
hierarchical_mixture,,cholesky,50,ode_transport,4096,0.005,1000,2,hier_k50|M4096,False,completed,1000,3669.6151540279,2.0.1,Mac,0
banana,,cholesky,5,ode_transport,256,0.005,1000,3,banana|M256,False,completed,1000,104.492177248,2.0.1,Mac,0
banana,,cholesky,5,ode_transport,4096,0.005,1000,3,banana|M4096,False,completed,1000,556.9022781849,2.0.1,Mac,0
rosenbrock,,cholesky,5,ode_transport,256,0.005,1000,3,rosenbrock_extreme|M256,False,completed,1000,163.2620301247,2.0.1,Mac,0
rosenbrock,,cholesky,5,ode_transport,4096,0.005,1000,3,rosenbrock_extreme|M4096,False,completed,1000,836.7077040672,2.0.1,Mac,0
hierarchical_mixture,,cholesky,5,ode_transport,256,0.005,1000,3,hier_k5|M256,False,completed,1000,115.7294080257,2.0.1,Mac,0
hierarchical_mixture,,cholesky,5,ode_transport,4096,0.005,1000,3,hier_k5|M4096,False,completed,1000,599.7640697956,2.0.1,Mac,0
hierarchical_mixture,,cholesky,50,ode_transport,256,0.005,1000,3,hier_k50|M256,False,completed,1000,354.1750571728,2.0.1,Mac,0
hierarchical_mixture,,cholesky,50,ode_transport,4096,0.005,1000,3,hier_k50|M4096,False,completed,1000,3810.4552431107,2.0.1,Mac,0
banana,,cholesky,5,ode_transport,256,0.005,1000,4,banana|M256,False,completed,1000,98.2337319851,2.0.1,Mac,0
banana,,cholesky,5,ode_transport,4096,0.005,1000,4,banana|M4096,False,completed,1000,538.7273700237,2.0.1,Mac,0
rosenbrock,,cholesky,5,ode_transport,256,0.005,1000,4,rosenbrock_extreme|M256,False,completed,1000,157.4433162212,2.0.1,Mac,0
rosenbrock,,cholesky,5,ode_transport,4096,0.005,1000,4,rosenbrock_extreme|M4096,False,completed,1000,822.3233361244,2.0.1,Mac,0
hierarchical_mixture,,cholesky,5,ode_transport,256,0.005,1000,4,hier_k5|M256,False,completed,1000,139.863476038,2.0.1,Mac,0
hierarchical_mixture,,cholesky,5,ode_transport,4096,0.005,1000,4,hier_k5|M4096,False,completed,1000,744.5331058502,2.0.1,Mac,0
hierarchical_mixture,,cholesky,50,ode_transport,256,0.005,1000,4,hier_k50|M256,False,completed,1000,407.6293311119,2.0.1,Mac,0
hierarchical_mixture,,cholesky,50,ode_transport,4096,0.005,1000,4,hier_k50|M4096,False,completed,1000,3924.2747831345,2.0.1,Mac,0
banana,,cholesky,5,ode_transport,256,0.005,1000,5,banana|M256,False,completed,1000,94.3897519112,2.0.1,Mac,0
banana,,cholesky,5,ode_transport,4096,0.005,1000,5,banana|M4096,False,completed,1000,504.5310750008,2.0.1,Mac,0
rosenbrock,,cholesky,5,ode_transport,256,0.005,1000,5,rosenbrock_extreme|M256,False,completed,1000,168.4835710526,2.0.1,Mac,0
rosenbrock,,cholesky,5,ode_transport,4096,0.005,1000,5,rosenbrock_extreme|M4096,False,completed,1000,821.6542930603,2.0.1,Mac,0
hierarchical_mixture,,cholesky,5,ode_transport,256,0.005,1000,5,hier_k5|M256,False,completed,1000,118.5088031292,2.0.1,Mac,0
hierarchical_mixture,,cholesky,5,ode_transport,4096,0.005,1000,5,hier_k5|M4096,False,completed,1000,676.2153048515,2.0.1,Mac,0
hierarchical_mixture,,cholesky,50,ode_transport,256,0.005,1000,5,hier_k50|M256,False,completed,1000,335.558013916,2.0.1,Mac,0
hierarchical_mixture,,cholesky,50,ode_transport,4096,0.005,1000,5,hier_k50|M4096,False,completed,1000,3733.7623951435,2.0.1,Mac,0
banana,,cholesky,5,ode_transport,1024,0.005,1000,1,banana|M1024,False,completed,1000,169.357213974,2.0.1,Mac,0
banana,,cholesky,5,ode_transport,16384,0.005,1000,1,banana|M16384,False,completed,1000,1391.0846087933,2.0.1,Mac,0
rosenbrock,,cholesky,5,ode_transport,1024,0.005,1000,1,rosenbrock_extreme|M1024,False,completed,1000,298.4976961613,2.0.1,Mac,0
rosenbrock,,cholesky,5,ode_transport,16384,0.005,1000,1,rosenbrock_extreme|M16384,False,completed,1000,2440.510226965,2.0.1,Mac,0
hierarchical_mixture,,cholesky,5,ode_transport,1024,0.005,1000,1,hier_k5|M1024,False,completed,1000,255.8853311539,2.0.1,Mac,0
hierarchical_mixture,,cholesky,5,ode_transport,16384,0.005,1000,1,hier_k5|M16384,False,completed,1000,1910.8406028748,2.0.1,Mac,0
hierarchical_mixture,,cholesky,50,ode_transport,1024,0.005,1000,1,hier_k50|M1024,False,completed,1000,884.3204159737,2.0.1,Mac,0
hierarchical_mixture,,cholesky,50,ode_transport,16384,0.005,1000,1,hier_k50|M16384,False,completed,1000,11668.316879034,2.0.1,Mac,0
banana,,cholesky,5,ode_transport,1024,0.005,1000,2,banana|M1024,False,completed,1000,167.4225001335,2.0.1,Mac,0
banana,,cholesky,5,ode_transport,16384,0.005,1000,2,banana|M16384,False,completed,1000,1408.4433937073,2.0.1,Mac,0
rosenbrock,,cholesky,5,ode_transport,1024,0.005,1000,2,rosenbrock_extreme|M1024,False,completed,1000,314.9477138519,2.0.1,Mac,0
rosenbrock,,cholesky,5,ode_transport,16384,0.005,1000,2,rosenbrock_extreme|M16384,False,completed,1000,2283.2456400394,2.0.1,Mac,0
hierarchical_mixture,,cholesky,5,ode_transport,1024,0.005,1000,2,hier_k5|M1024,False,completed,1000,391.1621799469,2.0.1,Mac,0
hierarchical_mixture,,cholesky,5,ode_transport,16384,0.005,1000,2,hier_k5|M16384,False,completed,1000,2255.9908161163,2.0.1,Mac,0
hierarchical_mixture,,cholesky,50,ode_transport,1024,0.005,1000,2,hier_k50|M1024,False,completed,1000,926.7129616737,2.0.1,Mac,0
hierarchical_mixture,,cholesky,50,ode_transport,16384,0.005,1000,2,hier_k50|M16384,False,completed,1000,11735.3259236813,2.0.1,Mac,0
banana,,cholesky,5,ode_transport,1024,0.005,1000,3,banana|M1024,False,completed,1000,187.4237718582,2.0.1,Mac,0
banana,,cholesky,5,ode_transport,16384,0.005,1000,3,banana|M16384,False,completed,1000,1489.9225859642,2.0.1,Mac,0
rosenbrock,,cholesky,5,ode_transport,1024,0.005,1000,3,rosenbrock_extreme|M1024,False,completed,1000,336.462338686,2.0.1,Mac,0
rosenbrock,,cholesky,5,ode_transport,16384,0.005,1000,3,rosenbrock_extreme|M16384,False,completed,1000,2728.9371857643,2.0.1,Mac,0
hierarchical_mixture,,cholesky,5,ode_transport,1024,0.005,1000,3,hier_k5|M1024,False,completed,1000,326.7178380489,2.0.1,Mac,0
hierarchical_mixture,,cholesky,5,ode_transport,16384,0.005,1000,3,hier_k5|M16384,False,completed,1000,1782.8702058792,2.0.1,Mac,0
hierarchical_mixture,,cholesky,50,ode_transport,1024,0.005,1000,3,hier_k50|M1024,False,completed,1000,930.30148983,2.0.1,Mac,0
hierarchical_mixture,,cholesky,50,ode_transport,16384,0.005,1000,3,hier_k50|M16384,False,completed,1000,12010.7902088165,2.0.1,Mac,0
banana,,cholesky,5,ode_transport,1024,0.005,1000,4,banana|M1024,False,completed,1000,180.7586388588,2.0.1,Mac,0
banana,,cholesky,5,ode_transport,16384,0.005,1000,4,banana|M16384,False,completed,1000,1468.26521492,2.0.1,Mac,0
rosenbrock,,cholesky,5,ode_transport,1024,0.005,1000,4,rosenbrock_extreme|M1024,False,completed,1000,338.7394509315,2.0.1,Mac,0
rosenbrock,,cholesky,5,ode_transport,16384,0.005,1000,4,rosenbrock_extreme|M16384,False,completed,1000,2739.5104491711,2.0.1,Mac,0
hierarchical_mixture,,cholesky,5,ode_transport,1024,0.005,1000,4,hier_k5|M1024,False,completed,1000,388.0714159012,2.0.1,Mac,0
hierarchical_mixture,,cholesky,5,ode_transport,16384,0.005,1000,4,hier_k5|M16384,False,completed,1000,1925.6194498539,2.0.1,Mac,0
hierarchical_mixture,,cholesky,50,ode_transport,1024,0.005,1000,4,hier_k50|M1024,False,completed,1000,1049.5213758945,2.0.1,Mac,0
hierarchical_mixture,,cholesky,50,ode_transport,16384,0.005,1000,4,hier_k50|M16384,False,completed,1000,12126.6407017708,2.0.1,Mac,0
banana,,cholesky,5,ode_transport,1024,0.005,1000,5,banana|M1024,False,completed,1000,169.5301656723,2.0.1,Mac,0
banana,,cholesky,5,ode_transport,16384,0.005,1000,5,banana|M16384,False,completed,1000,1411.3659598827,2.0.1,Mac,0
rosenbrock,,cholesky,5,ode_transport,1024,0.005,1000,5,rosenbrock_extreme|M1024,False,completed,1000,326.8312029839,2.0.1,Mac,0
rosenbrock,,cholesky,5,ode_transport,16384,0.005,1000,5,rosenbrock_extreme|M16384,False,completed,1000,2413.4013209343,2.0.1,Mac,0
hierarchical_mixture,,cholesky,5,ode_transport,1024,0.005,1000,5,hier_k5|M1024,False,completed,1000,332.9305510521,2.0.1,Mac,0
hierarchical_mixture,,cholesky,5,ode_transport,16384,0.005,1000,5,hier_k5|M16384,False,completed,1000,2118.0090529919,2.0.1,Mac,0
hierarchical_mixture,,cholesky,50,ode_transport,1024,0.005,1000,5,hier_k50|M1024,False,completed,1000,874.5513050556,2.0.1,Mac,0
hierarchical_mixture,,cholesky,50,ode_transport,16384,0.005,1000,5,hier_k50|M16384,False,completed,1000,11701.8058681488,2.0.1,Mac,0
